source_file,line_number,link_text,target_url,action,proposed_replacement,best_match_url,topic_jaccard,slug_sim,anchor_sim,reason
electrical/cost-to-install-ceiling-fan-in-florida-2026.md,167,Cost to Install Smart Thermostat in Florida,/electrical/cost-to-install-smart-thermostat-florida-2026/,STRIP,,,0.00,0.00,0.00,no topic overlap with any whitelist candidate
electrical/cost-to-install-ceiling-fan-in-florida-2026.md,168,Cost to Install Outdoor Lighting in Florida,/electrical/cost-to-install-outdoor-lighting-florida-2026/,STRIP,,/electrical/cost-to-install-recessed-lighting-in-florida-2026/,0.33,0.83,0.33,weak match (topic=0.33 slug=0.83 anchor=0.33); no confident remap
electrical/cost-to-install-ceiling-fan-in-florida-2026.md,169,Cost to Rewire a Home in Florida,/electrical/cost-to-rewire-a-home-in-florida-2026/,STRIP,,/electrical/cost-to-install-home-generators-miami-2026/,0.50,0.66,0.50,weak match (topic=0.50 slug=0.66 anchor=0.50); no confident remap
electrical/cost-to-install-ceiling-fan-in-fort-lauderdale-2026.md,165,Cost to Install an Electrical Outlet in Fort Lauderdale 2026,/electrical/cost-to-install-electrical-outlet-fort-lauderdale-2026/,STRIP,,/electrical/cost-to-upgrade-electrical-panel-in-fort-lauderdale-2026/,0.33,0.78,0.33,weak match (topic=0.33 slug=0.78 anchor=0.33); no confident remap
electrical/cost-to-install-ceiling-fan-in-fort-lauderdale-2026.md,166,Cost to Install Ceiling Lighting in Fort Lauderdale 2026,/electrical/cost-to-install-ceiling-lighting-fort-lauderdale-2026/,STRIP,,/electrical/cost-to-install-ceiling-fan-in-fort-lauderdale-2026/,0.33,0.90,0.33,weak match (topic=0.33 slug=0.90 anchor=0.33); no confident remap
electrical/cost-to-install-ceiling-fan-in-fort-lauderdale-2026.md,167,Cost to Install Surge Protector Panel in Florida 2026,/electrical/cost-to-install-surge-protector-panel-florida-2026/,STRIP,,/electrical/cost-to-upgrade-electrical-panel-in-florida-2026/,0.25,0.69,0.25,weak match (topic=0.25 slug=0.69 anchor=0.25); no confident remap
electrical/cost-to-install-ceiling-fan-in-miami-2026.md,165,Cost to Install Smart Thermostat in Miami,/electrical/cost-to-install-smart-thermostat-miami-2026/,STRIP,,,0.00,0.00,0.00,no topic overlap with any whitelist candidate
electrical/cost-to-install-ceiling-fan-in-miami-2026.md,166,Cost to Install Outdoor Lighting in Miami,/electrical/cost-to-install-outdoor-lighting-miami-2026/,STRIP,,/electrical/cost-to-install-recessed-lighting-in-miami-2026/,0.33,0.82,0.33,weak match (topic=0.33 slug=0.82 anchor=0.33); no confident remap
electrical/cost-to-install-ceiling-fan-in-miami-2026.md,167,Cost to Install Ceiling Lights in Miami,/electrical/cost-to-install-ceiling-lights-miami-2026/,STRIP,,/electrical/cost-to-install-ceiling-fan-in-miami-2026/,0.33,0.88,0.33,weak match (topic=0.33 slug=0.88 anchor=0.33); no confident remap
electrical/cost-to-install-ev-charger-in-florida-2026.md,163,Cost to Replace Electrical Panel in Florida 2026,/electrical/cost-to-replace-electrical-panel-florida-2026/,REWRITE,/electrical/cost-to-upgrade-electrical-panel-in-florida-2026/,/electrical/cost-to-upgrade-electrical-panel-in-florida-2026/,1.00,0.88,1.00,topic=1.00 slug=0.88 anchor=1.00
electrical/cost-to-install-ev-charger-in-florida-2026.md,165,Cost to Install Home Generator in Florida 2026,/electrical/cost-to-install-home-generator-florida-2026/,STRIP,,/electrical/cost-to-install-home-generators-miami-2026/,0.33,0.89,0.33,weak match (topic=0.33 slug=0.89 anchor=0.33); no confident remap
electrical/cost-to-install-ev-charger-in-fort-lauderdale-2026.md,172,Cost to Install Whole Home Surge Protection in Fort Lauderdale 2026,/electrical/cost-to-install-whole-home-surge-protection-in-fort-lauderdale-2026/,STRIP,,/electrical/cost-to-install-whole-house-generator-in-fort-lauderdale-2026/,0.17,0.84,0.17,weak match (topic=0.17 slug=0.84 anchor=0.17); no confident remap
electrical/cost-to-install-ev-charger-in-fort-lauderdale-2026.md,173,Cost to Install Smart Thermostat in Fort Lauderdale 2026,/smart-home/cost-to-install-smart-thermostat-in-fort-lauderdale-2026/,STRIP,,,0.00,0.00,0.00,fake section /smart-home/
electrical/cost-to-install-ev-charger-in-miami-2026.md,169,Cost to Replace a Roof in Miami 2026,/roofing/cost-to-replace-roof-miami-2026/,REWRITE,/general/cost-to-replace-roof-in-miami-2026/,/general/cost-to-replace-roof-in-miami-2026/,1.00,0.95,1.00,topic=1.00 slug=0.95 anchor=1.00
electrical/cost-to-install-ev-charger-in-miami-2026.md,170,Cost to Install Solar Panels in Miami 2026,/solar/cost-to-install-solar-panels-miami-2026/,STRIP,,/major-systems/cost-to-install-solar-panels-in-miami-2026/,1.00,0.96,1.00,fake section /solar/
electrical/cost-to-install-ev-charger-in-miami-2026.md,171,Cost to Install Impact Windows in Miami 2026,/hurricane-protection/cost-to-install-impact-windows-miami-2026/,STRIP,/hurricane-protection/cost-to-install-impact-windows-tampa-2026/,/hurricane-protection/cost-to-install-impact-windows-tampa-2026/,1.00,0.93,1.00,BULK_STRIP from FLAG: topic+slug match but city mismatch: target=miami cand=tampa
electrical/cost-to-install-ev-charger-in-orlando-2026.md,166,Cost to Wire Home for EV in Tampa,/electrical/cost-to-wire-home-for-ev-in-tampa-2026/,STRIP,,/electrical/cost-to-install-ev-charger-in-tampa-2026/,0.33,0.67,0.33,weak match (topic=0.33 slug=0.67 anchor=0.33); no confident remap
electrical/cost-to-install-ev-charger-in-orlando-2026.md,167,Cost to Install Impact Windows in Orlando,/electrical/cost-to-install-impact-windows-orlando-2026/,STRIP,/hurricane-protection/cost-to-install-impact-windows-tampa-2026/,/hurricane-protection/cost-to-install-impact-windows-tampa-2026/,1.00,0.88,1.00,BULK_STRIP from FLAG: topic+slug match but city mismatch: target=orlando cand=tampa
electrical/cost-to-install-ev-charger-in-tampa-2026.md,169,Cost to Install Solar Panels in Tampa 2026,/solar/cost-to-install-solar-panels-in-tampa-2026/,STRIP,,/major-systems/cost-to-install-solar-panels-tampa-2026/,1.00,0.96,1.00,fake section /solar/
electrical/cost-to-install-ev-charger-in-tampa-2026.md,171,Cost to Install Generator in Tampa 2026,/electrical/cost-to-install-generator-in-tampa-2026/,STRIP,,/electrical/cost-to-install-whole-house-generator-in-tampa-2026/,0.33,0.87,0.33,weak match (topic=0.33 slug=0.87 anchor=0.33); no confident remap
electrical/cost-to-install-recessed-lighting-in-florida-2026.md,168,Cost to Install EV Charger in Florida 2026,/electrical/cost-to-install-ev-charger-florida-2026/,REWRITE,/electrical/cost-to-install-ev-charger-in-florida-2026/,/electrical/cost-to-install-ev-charger-in-florida-2026/,1.00,0.96,1.00,topic=1.00 slug=0.96 anchor=1.00
electrical/cost-to-install-recessed-lighting-in-florida-2026.md,169,Cost to Replace Electrical Panel Florida 2026,/electrical/cost-to-replace-electrical-panel-florida-2026/,REWRITE,/electrical/cost-to-upgrade-electrical-panel-in-florida-2026/,/electrical/cost-to-upgrade-electrical-panel-in-florida-2026/,1.00,0.88,1.00,topic=1.00 slug=0.88 anchor=1.00
electrical/cost-to-install-recessed-lighting-in-florida-2026.md,170,Cost to Install Smart Home Systems Florida 2026,/electrical/cost-to-install-smart-home-systems-florida-2026/,STRIP,,/electrical/cost-to-install-home-generators-miami-2026/,0.25,0.70,0.25,weak match (topic=0.25 slug=0.70 anchor=0.25); no confident remap
electrical/cost-to-install-recessed-lighting-in-miami-2026.md,175,Cost to Upgrade Electrical Panel in Miami,/electrical/cost-to-upgrade-electrical-panel-miami-2026/,REWRITE,/electrical/cost-to-upgrade-electrical-panel-in-miami-2026/,/electrical/cost-to-upgrade-electrical-panel-in-miami-2026/,1.00,0.97,1.00,topic=1.00 slug=0.97 anchor=1.00
electrical/cost-to-install-recessed-lighting-in-miami-2026.md,176,Cost to Install Smart Home Systems in Miami,/electrical/cost-to-install-smart-home-systems-miami-2026/,STRIP,,/electrical/cost-to-install-home-generators-miami-2026/,0.25,0.78,0.25,weak match (topic=0.25 slug=0.78 anchor=0.25); no confident remap
electrical/cost-to-install-recessed-lighting-in-miami-2026.md,177,Cost to Install Outdoor Lighting in Miami,/landscaping/cost-to-install-outdoor-lighting-miami-2026/,STRIP,,/electrical/cost-to-install-recessed-lighting-in-miami-2026/,0.33,0.82,0.33,fake section /landscaping/
electrical/cost-to-install-whole-house-generator-in-fort-lauderdale-2026.md,163,Cost to Install Solar Batteries in Fort Lauderdale 2026,/electrical/cost-to-install-solar-batteries-fort-lauderdale-2026/,STRIP,,/major-systems/cost-to-install-solar-panels-in-fort-lauderdale-2026/,0.33,0.88,0.33,weak match (topic=0.33 slug=0.88 anchor=0.33); no confident remap
electrical/cost-to-install-whole-house-generator-in-fort-lauderdale-2026.md,164,Cost to Wire a Home for EV Charger Fort Lauderdale 2026,/electrical/cost-to-wire-a-home-for-ev-charger-fort-lauderdale-2026/,STRIP,,/electrical/cost-to-install-ev-charger-in-fort-lauderdale-2026/,0.67,0.80,0.67,weak match (topic=0.67 slug=0.80 anchor=0.67); no confident remap
electrical/cost-to-install-whole-house-generator-in-fort-lauderdale-2026.md,165,Cost to Install Standby Generator Florida 2026,/electrical/cost-to-install-standby-generator-florida-2026/,STRIP,,/electrical/cost-to-install-whole-house-generator-florida-2026/,0.25,0.83,0.25,weak match (topic=0.25 slug=0.83 anchor=0.25); no confident remap
electrical/cost-to-install-whole-house-generator-in-miami-2026.md,171,Cost to Install Impact Windows in Miami,/hurricane-protection/cost-to-install-impact-windows-miami-2026/,STRIP,/hurricane-protection/cost-to-install-impact-windows-tampa-2026/,/hurricane-protection/cost-to-install-impact-windows-tampa-2026/,1.00,0.93,1.00,BULK_STRIP from FLAG: topic+slug match but city mismatch: target=miami cand=tampa
electrical/cost-to-install-whole-house-generator-in-miami-2026.md,172,Cost to Replace Roof in Miami,/roofing/cost-to-replace-roof-miami-2026/,REWRITE,/general/cost-to-replace-roof-in-miami-2026/,/general/cost-to-replace-roof-in-miami-2026/,1.00,0.95,1.00,topic=1.00 slug=0.95 anchor=1.00
electrical/cost-to-install-whole-house-generator-in-miami-2026.md,173,Cost to Install Hurricane Shutters Florida,/hurricane-protection/cost-to-install-hurricane-shutters-florida-2026/,REWRITE,/hurricane-protection/cost-to-install-hurricane-shutters-in-florida-2026/,/hurricane-protection/cost-to-install-hurricane-shutters-in-florida-2026/,1.00,0.97,1.00,topic=1.00 slug=0.97 anchor=1.00
electrical/cost-to-install-whole-house-generator-in-tampa-2026.md,169,Cost to Install EV Charger in Tampa 2026,/electrical/cost-to-install-ev-charger-tampa-2026/,REWRITE,/electrical/cost-to-install-ev-charger-in-tampa-2026/,/electrical/cost-to-install-ev-charger-in-tampa-2026/,1.00,0.96,1.00,topic=1.00 slug=0.96 anchor=1.00
electrical/cost-to-install-whole-house-generator-in-tampa-2026.md,171,Cost to Replace Roof in Tampa 2026,/roofing/cost-to-replace-roof-tampa-2026/,REWRITE,/roofing/cost-to-replace-roof-in-tampa-2026/,/roofing/cost-to-replace-roof-in-tampa-2026/,1.00,0.95,1.00,topic=1.00 slug=0.95 anchor=1.00
electrical/cost-to-rewire-house-in-miami-2026.md,173,Cost to Install Lighting in Miami 2026,/electrical/cost-to-install-lighting-miami-2026/,STRIP,,/electrical/cost-to-install-recessed-lighting-in-miami-2026/,0.50,0.85,0.50,weak match (topic=0.50 slug=0.85 anchor=0.50); no confident remap
electrical/cost-to-upgrade-electrical-panel-in-florida-2026.md,165,Cost to Install EV Charger in Florida 2026,/electrical/cost-to-install-ev-charger-florida-2026/,REWRITE,/electrical/cost-to-install-ev-charger-in-florida-2026/,/electrical/cost-to-install-ev-charger-in-florida-2026/,1.00,0.96,1.00,topic=1.00 slug=0.96 anchor=1.00
electrical/cost-to-upgrade-electrical-panel-in-florida-2026.md,166,Cost to Replace Outlets in Tampa 2026,/electrical/cost-to-replace-outlets-in-tampa-2026/,STRIP,,,0.00,0.00,0.00,no topic overlap with any whitelist candidate
electrical/cost-to-upgrade-electrical-panel-in-florida-2026.md,167,Cost to Inspect Home in Florida 2026,/home-maintenance/cost-to-inspect-home-florida-2026/,STRIP,,/electrical/cost-to-install-home-generators-miami-2026/,0.50,0.72,0.50,fake section /home-maintenance/
electrical/cost-to-upgrade-electrical-panel-in-fort-lauderdale-2026.md,171,Cost to Install Surge Protector in Fort Lauderdale,/electrical/cost-to-install-surge-protector-fort-lauderdale-2026/,STRIP,,,0.00,0.00,0.00,no topic overlap with any whitelist candidate
electrical/cost-to-upgrade-electrical-panel-in-fort-lauderdale-2026.md,172,Cost to Install EV Charger in Fort Lauderdale,/electrical/cost-to-install-ev-charger-fort-lauderdale-2026/,REWRITE,/electrical/cost-to-install-ev-charger-in-fort-lauderdale-2026/,/electrical/cost-to-install-ev-charger-in-fort-lauderdale-2026/,1.00,0.97,1.00,topic=1.00 slug=0.97 anchor=1.00
electrical/cost-to-upgrade-electrical-panel-in-fort-lauderdale-2026.md,173,Cost to Rewire a House in Fort Lauderdale,/electrical/cost-to-rewire-house-fort-lauderdale-2026/,REWRITE,/electrical/cost-to-rewire-house-in-fort-lauderdale-2026/,/electrical/cost-to-rewire-house-in-fort-lauderdale-2026/,1.00,0.96,1.00,topic=1.00 slug=0.96 anchor=1.00
electrical/cost-to-upgrade-electrical-panel-in-miami-2026.md,167,Cost to Replace Outlet in Miami 2026,/electrical/cost-to-replace-outlet-miami-2026/,STRIP,,,0.00,0.00,0.00,no topic overlap with any whitelist candidate
electrical/cost-to-upgrade-electrical-panel-in-orlando-2026.md,172,Cost to Wire New Home in Florida,/home-maintenance/cost-to-wire-new-home-in-florida-2026/,STRIP,,/electrical/cost-to-install-home-generators-miami-2026/,0.50,0.66,0.50,fake section /home-maintenance/
electrical/cost-to-upgrade-electrical-panel-in-orlando-2026.md,173,Cost to Replace Electrical Panel in Tampa,/electrical/cost-to-replace-electrical-panel-in-tampa-2026/,REWRITE,/electrical/cost-to-upgrade-electrical-panel-in-tampa-2026/,/electrical/cost-to-upgrade-electrical-panel-in-tampa-2026/,1.00,0.91,1.00,topic=1.00 slug=0.91 anchor=1.00
electrical/cost-to-upgrade-electrical-panel-in-tampa-2026.md,169,Cost to Install EV Charger in Tampa 2026,/electrical/cost-to-install-ev-charger-tampa-2026/,REWRITE,/electrical/cost-to-install-ev-charger-in-tampa-2026/,/electrical/cost-to-install-ev-charger-in-tampa-2026/,1.00,0.96,1.00,topic=1.00 slug=0.96 anchor=1.00
electrical/cost-to-upgrade-electrical-panel-in-tampa-2026.md,170,Cost to Replace Electrical Wiring in Tampa 2026,/electrical/cost-to-replace-electrical-wiring-tampa-2026/,STRIP,,/electrical/cost-to-upgrade-electrical-panel-in-tampa-2026/,0.33,0.80,0.33,weak match (topic=0.33 slug=0.80 anchor=0.33); no confident remap
electrical/cost-to-upgrade-electrical-panel-in-tampa-2026.md,171,Cost to Install Whole House Surge Protector Florida,/electrical/cost-to-install-whole-house-surge-protector-florida-2026/,STRIP,,/electrical/cost-to-install-whole-house-generator-florida-2026/,0.40,0.89,0.40,weak match (topic=0.40 slug=0.89 anchor=0.40); no confident remap
exterior/cost-of-pressure-washing-in-fort-lauderdale-2026.md,165,Cost to Clean Roof in Fort Lauderdale 2026,/exterior/cost-to-clean-roof-fort-lauderdale-2026/,REWRITE,/general/cost-to-replace-roof-fort-lauderdale-2026/,/general/cost-to-replace-roof-fort-lauderdale-2026/,1.00,0.90,1.00,topic=1.00 slug=0.90 anchor=1.00
exterior/cost-of-pressure-washing-in-fort-lauderdale-2026.md,166,Cost to Seal Driveway in Fort Lauderdale 2026,/exterior/cost-to-seal-driveway-fort-lauderdale-2026/,REWRITE,/exterior/cost-to-pave-driveway-in-fort-lauderdale-2026/,/exterior/cost-to-pave-driveway-in-fort-lauderdale-2026/,1.00,0.90,1.00,topic=1.00 slug=0.90 anchor=1.00
exterior/cost-of-pressure-washing-in-fort-lauderdale-2026.md,167,Cost to Power Wash Patios in Florida,/exterior/cost-to-power-wash-patios-florida-2026/,STRIP,,,0.00,0.00,0.00,no topic overlap with any whitelist candidate
exterior/cost-of-pressure-washing-in-miami-2026.md,163,Cost to Clean Gutters in Miami 2026,/exterior/cost-to-clean-gutters-miami-2026/,STRIP,,,0.00,0.00,0.00,no topic overlap with any whitelist candidate
exterior/cost-of-pressure-washing-in-miami-2026.md,164,Cost to Clean Driveways in Miami 2026,/exterior/cost-to-clean-driveways-miami-2026/,STRIP,,,0.00,0.00,0.00,no topic overlap with any whitelist candidate
exterior/cost-of-pressure-washing-in-miami-2026.md,165,Cost to Seal Stucco in Miami 2026,/exterior/cost-to-seal-stucco-miami-2026/,REWRITE,/exterior/cost-to-repair-stucco-in-miami-2026/,/exterior/cost-to-repair-stucco-in-miami-2026/,1.00,0.86,1.00,topic=1.00 slug=0.86 anchor=1.00
exterior/cost-of-pressure-washing-in-orlando-2026.md,166,Cost to Install Impact Windows in Orlando,/hurricane-protection/cost-to-install-impact-windows-orlando-2026/,STRIP,/hurricane-protection/cost-to-install-impact-windows-tampa-2026/,/hurricane-protection/cost-to-install-impact-windows-tampa-2026/,1.00,0.88,1.00,BULK_STRIP from FLAG: topic+slug match but city mismatch: target=orlando cand=tampa
exterior/cost-of-pressure-washing-in-orlando-2026.md,167,Cost to Seal Concrete Driveway Florida,/exterior/cost-to-seal-concrete-driveway-florida-2026/,STRIP,,/exterior/cost-to-pave-driveway-in-florida-2026/,0.50,0.80,0.50,weak match (topic=0.50 slug=0.80 anchor=0.50); no confident remap
exterior/cost-of-pressure-washing-in-orlando-2026.md,168,Cost to Clean Roof in Orlando 2026,/exterior/cost-to-clean-roof-orlando-2026/,STRIP,,/general/cost-to-repair-roof-in-orlando-2026/,1.00,0.85,1.00,weak match (topic=1.00 slug=0.85 anchor=1.00); no confident remap
exterior/cost-of-pressure-washing-in-tampa-2026.md,172,Cost to Install Hurricane Shutters Florida,/hurricane-protection/cost-to-install-hurricane-shutters-florida-2026/,REWRITE,/hurricane-protection/cost-to-install-hurricane-shutters-in-florida-2026/,/hurricane-protection/cost-to-install-hurricane-shutters-in-florida-2026/,1.00,0.97,1.00,topic=1.00 slug=0.97 anchor=1.00
exterior/cost-of-pressure-washing-in-tampa-2026.md,173,Cost to Replace Roof in Miami,/roofing/cost-to-replace-roof-miami-2026/,REWRITE,/general/cost-to-replace-roof-in-miami-2026/,/general/cost-to-replace-roof-in-miami-2026/,1.00,0.95,1.00,topic=1.00 slug=0.95 anchor=1.00
exterior/cost-of-tree-removal-in-florida-2026.md,171,Cost to Install Hurricane Shutters Florida,/hurricane-protection/cost-to-install-hurricane-shutters-florida-2026/,REWRITE,/hurricane-protection/cost-to-install-hurricane-shutters-in-florida-2026/,/hurricane-protection/cost-to-install-hurricane-shutters-in-florida-2026/,1.00,0.97,1.00,topic=1.00 slug=0.97 anchor=1.00
exterior/cost-of-tree-removal-in-florida-2026.md,172,Cost to Replace Roof in Fort Lauderdale,/roofing/cost-to-replace-roof-fort-lauderdale-2026/,REWRITE,/general/cost-to-replace-roof-fort-lauderdale-2026/,/general/cost-to-replace-roof-fort-lauderdale-2026/,1.00,1.00,1.00,topic=1.00 slug=1.00 anchor=1.00
exterior/cost-of-tree-removal-in-florida-2026.md,173,Cost to Remove Stump in Florida,/landscaping/cost-to-remove-stump-in-florida-2026/,STRIP,,,0.00,0.00,0.00,fake section /landscaping/
exterior/cost-of-tree-removal-in-fort-lauderdale-2026.md,165,Cost to Prune Palm Trees in Florida,/exterior/cost-to-prune-palm-trees-florida-2026/,STRIP,,,0.00,0.00,0.00,no topic overlap with any whitelist candidate
exterior/cost-of-tree-removal-in-fort-lauderdale-2026.md,166,Cost to Remove a Stump in Fort Lauderdale,/exterior/cost-to-remove-stump-fort-lauderdale-2026/,STRIP,,,0.00,0.00,0.00,no topic overlap with any whitelist candidate
exterior/cost-of-tree-removal-in-jacksonville-2026.md,169,Cost to Install Fence in Jacksonville 2026,/exterior/cost-to-install-fence-jacksonville-2026/,STRIP,,/exterior/cost-to-install-fence-in-miami-2026/,1.00,0.78,1.00,weak match (topic=1.00 slug=0.78 anchor=1.00); no confident remap
exterior/cost-of-tree-removal-in-jacksonville-2026.md,170,Cost to Install Impact Windows in Jacksonville,/hurricane-protection/cost-to-install-impact-windows-jacksonville-2026/,STRIP,/hurricane-protection/cost-to-install-impact-windows-in-davie-2026/,/hurricane-protection/cost-to-install-impact-windows-in-davie-2026/,1.00,0.87,1.00,BULK_STRIP from FLAG: topic+slug match but city mismatch: target=jacksonville cand=davie
exterior/cost-of-tree-removal-in-jacksonville-2026.md,171,Cost to Landscape Your Yard in Jacksonville 2026,/landscaping/cost-to-landscape-yard-jacksonville-2026/,STRIP,,/exterior/cost-to-install-landscape-lighting-in-fort-lauderdale-2026/,0.33,0.59,0.33,fake section /landscaping/
exterior/cost-to-build-patio-in-florida-2026.md,167,Cost to Install a Deck in Florida 2026,/exterior/cost-to-install-deck-in-florida-2026/,STRIP,,/pool/cost-to-resurface-pool-deck-in-florida-2026/,0.50,0.81,0.50,weak match (topic=0.50 slug=0.81 anchor=0.50); no confident remap
exterior/cost-to-build-patio-in-florida-2026.md,168,Cost to Build a Pool in Florida 2026,/exterior/cost-to-build-pool-in-florida-2026/,STRIP,,/pool/cost-to-resurface-pool-in-florida-2026/,1.00,0.83,1.00,weak match (topic=1.00 slug=0.83 anchor=1.00); no confident remap
exterior/cost-to-build-patio-in-fort-lauderdale-2026.md,168,Cost to Install Patio Cover in Fort Lauderdale,/exterior/cost-to-install-patio-cover-fort-lauderdale-2026/,STRIP,,/exterior/cost-to-build-patio-in-fort-lauderdale-2026/,0.50,0.84,0.50,weak match (topic=0.50 slug=0.84 anchor=0.50); no confident remap
exterior/cost-to-build-patio-in-fort-lauderdale-2026.md,169,Cost to Build Deck in Fort Lauderdale,/exterior/cost-to-build-deck-fort-lauderdale-2026/,STRIP,,/pool/cost-to-resurface-pool-deck-in-fort-lauderdale-2026/,0.50,0.80,0.50,weak match (topic=0.50 slug=0.80 anchor=0.50); no confident remap
exterior/cost-to-build-patio-in-fort-lauderdale-2026.md,170,Cost to Install Driveway in Fort Lauderdale,/exterior/cost-to-install-driveway-fort-lauderdale-2026/,REWRITE,/exterior/cost-to-pave-driveway-in-fort-lauderdale-2026/,/exterior/cost-to-pave-driveway-in-fort-lauderdale-2026/,1.00,0.87,1.00,topic=1.00 slug=0.87 anchor=1.00
exterior/cost-to-build-patio-in-miami-2026.md,169,Cost to Install Pool Deck in Miami,/exterior/cost-to-install-pool-deck-miami-2026/,STRIP,,/pool/cost-to-resurface-pool-deck-in-miami-2026/,1.00,0.81,1.00,weak match (topic=1.00 slug=0.81 anchor=1.00); no confident remap
exterior/cost-to-build-patio-in-miami-2026.md,170,Cost to Install Outdoor Kitchen Florida,/exterior/cost-to-install-outdoor-kitchen-florida-2026/,STRIP,,/interior/cost-to-remodel-kitchen-in-florida-2026/,0.50,0.72,0.50,weak match (topic=0.50 slug=0.72 anchor=0.50); no confident remap
exterior/cost-to-build-patio-in-miami-2026.md,171,Cost to Pour Concrete Driveway in Miami,/exterior/cost-to-pour-concrete-driveway-miami-2026/,STRIP,,/exterior/cost-to-pave-driveway-in-miami-2026/,0.33,0.79,0.33,weak match (topic=0.33 slug=0.79 anchor=0.33); no confident remap
exterior/cost-to-build-patio-in-tampa-2026.md,171,Cost to Install Pavers in Tampa 2026,/exterior/cost-to-install-pavers-in-tampa-2026/,STRIP,,,0.00,0.00,0.00,no topic overlap with any whitelist candidate
exterior/cost-to-build-patio-in-tampa-2026.md,172,Cost to Build a Deck in Tampa 2026,/exterior/cost-to-build-deck-in-tampa-2026/,STRIP,,/pool/cost-to-resurface-pool-deck-in-tampa-2026/,0.50,0.79,0.50,weak match (topic=0.50 slug=0.79 anchor=0.50); no confident remap
exterior/cost-to-build-patio-in-tampa-2026.md,173,Cost to Add a Screened Enclosure in Tampa 2026,/exterior/cost-to-add-screened-enclosure-in-tampa-2026/,STRIP,,/exterior/cost-to-build-screen-enclosure-in-tampa-2026/,0.33,0.91,0.33,weak match (topic=0.33 slug=0.91 anchor=0.33); no confident remap
exterior/cost-to-build-screen-enclosure-in-florida-2026.md,169,Cost to Install Impact Windows in Florida,/exterior/cost-to-install-impact-windows-florida-2026/,REWRITE,/hurricane-protection/cost-to-install-impact-windows-in-florida-2026/,/hurricane-protection/cost-to-install-impact-windows-in-florida-2026/,1.00,0.97,1.00,topic=1.00 slug=0.97 anchor=1.00
exterior/cost-to-build-screen-enclosure-in-florida-2026.md,170,Cost to Build Pool Fence in Florida,/exterior/cost-to-build-pool-fence-florida-2026/,STRIP,,/exterior/cost-to-install-fence-in-florida-2026/,0.50,0.81,0.50,weak match (topic=0.50 slug=0.81 anchor=0.50); no confident remap
exterior/cost-to-build-screen-enclosure-in-florida-2026.md,171,Cost to Install Hurricane Shutters Florida,/exterior/cost-to-install-hurricane-shutters-florida-2026/,REWRITE,/hurricane-protection/cost-to-install-hurricane-shutters-in-florida-2026/,/hurricane-protection/cost-to-install-hurricane-shutters-in-florida-2026/,1.00,0.97,1.00,topic=1.00 slug=0.97 anchor=1.00
exterior/cost-to-build-screen-enclosure-in-fort-lauderdale-2026.md,170,Cost to Build a Deck in Fort Lauderdale 2026,/exterior/cost-to-build-deck-fort-lauderdale-2026/,STRIP,,/pool/cost-to-resurface-pool-deck-in-fort-lauderdale-2026/,0.50,0.80,0.50,weak match (topic=0.50 slug=0.80 anchor=0.50); no confident remap
exterior/cost-to-build-screen-enclosure-in-fort-lauderdale-2026.md,171,Cost to Install Pool Fencing in Fort Lauderdale 2026,/exterior/cost-to-install-pool-fencing-fort-lauderdale-2026/,STRIP,,/pool/cost-to-resurface-pool-in-fort-lauderdale-2026/,0.50,0.82,0.50,weak match (topic=0.50 slug=0.82 anchor=0.50); no confident remap
exterior/cost-to-build-screen-enclosure-in-miami-2026.md,169,Cost to Install Impact Windows in Miami,/exterior/cost-to-install-impact-windows-miami-2026/,STRIP,/hurricane-protection/cost-to-install-impact-windows-tampa-2026/,/hurricane-protection/cost-to-install-impact-windows-tampa-2026/,1.00,0.93,1.00,BULK_STRIP from FLAG: topic+slug match but city mismatch: target=miami cand=tampa
exterior/cost-to-build-screen-enclosure-in-miami-2026.md,170,Cost to Install Pool Fence Miami,/exterior/cost-to-install-pool-fence-miami-2026/,STRIP,,/exterior/cost-to-install-fence-in-miami-2026/,0.50,0.89,0.50,weak match (topic=0.50 slug=0.89 anchor=0.50); no confident remap
exterior/cost-to-build-screen-enclosure-in-miami-2026.md,171,Cost to Replace Roof in Miami,/roofing/cost-to-replace-roof-miami-2026/,REWRITE,/general/cost-to-replace-roof-in-miami-2026/,/general/cost-to-replace-roof-in-miami-2026/,1.00,0.95,1.00,topic=1.00 slug=0.95 anchor=1.00
exterior/cost-to-build-screen-enclosure-in-orlando-2026.md,171,Cost to Install Impact Windows in Orlando,/exterior/cost-to-install-impact-windows-orlando-2026/,STRIP,/hurricane-protection/cost-to-install-impact-windows-tampa-2026/,/hurricane-protection/cost-to-install-impact-windows-tampa-2026/,1.00,0.88,1.00,BULK_STRIP from FLAG: topic+slug match but city mismatch: target=orlando cand=tampa
exterior/cost-to-build-screen-enclosure-in-orlando-2026.md,172,Cost to Build Patio Cover Florida,/exterior/cost-to-build-patio-cover-orlando-2026/,STRIP,,/exterior/cost-to-build-patio-in-florida-2026/,0.50,0.79,0.50,weak match (topic=0.50 slug=0.79 anchor=0.50); no confident remap
exterior/cost-to-build-screen-enclosure-in-orlando-2026.md,173,Cost to Install Pool Fencing Orlando,/exterior/cost-to-install-pool-fencing-orlando-2026/,STRIP,,/pool/cost-to-resurface-pool-in-florida-2026/,0.50,0.68,0.50,weak match (topic=0.50 slug=0.68 anchor=0.50); no confident remap
exterior/cost-to-build-screen-enclosure-in-tampa-2026.md,169,Cost to Install Impact Windows in Tampa,/exterior/cost-to-install-impact-windows-tampa-2026/,REWRITE,/hurricane-protection/cost-to-install-impact-windows-tampa-2026/,/hurricane-protection/cost-to-install-impact-windows-tampa-2026/,1.00,1.00,1.00,topic=1.00 slug=1.00 anchor=1.00
exterior/cost-to-build-screen-enclosure-in-tampa-2026.md,170,Cost to Build Patio Cover in Tampa 2026,/exterior/cost-to-build-patio-cover-tampa-2026/,STRIP,,/exterior/cost-to-build-patio-in-tampa-2026/,0.50,0.90,0.50,weak match (topic=0.50 slug=0.90 anchor=0.50); no confident remap
exterior/cost-to-install-fence-in-florida-2026.md,175,Cost to Install Custom Gates in Florida,/exterior/cost-to-install-custom-gates-florida-2026/,STRIP,,/interior/cost-to-install-custom-closet-in-florida-2026/,0.33,0.86,0.33,weak match (topic=0.33 slug=0.86 anchor=0.33); no confident remap
exterior/cost-to-install-fence-in-florida-2026.md,176,Cost to Build a Patio Cover in Florida,/exterior/cost-to-build-patio-cover-florida-2026/,STRIP,,/exterior/cost-to-build-patio-in-florida-2026/,0.50,0.90,0.50,weak match (topic=0.50 slug=0.90 anchor=0.50); no confident remap
exterior/cost-to-install-fence-in-florida-2026.md,177,Cost to Install Impact Windows in Florida,/exterior/cost-to-install-impact-windows-florida-2026/,REWRITE,/hurricane-protection/cost-to-install-impact-windows-in-florida-2026/,/hurricane-protection/cost-to-install-impact-windows-in-florida-2026/,1.00,0.97,1.00,topic=1.00 slug=0.97 anchor=1.00
exterior/cost-to-install-fence-in-miami-2026.md,177,Cost to Install a Deck in Miami 2026,/exterior/cost-to-install-deck-miami-2026/,STRIP,,/pool/cost-to-resurface-pool-deck-in-miami-2026/,0.50,0.75,0.50,weak match (topic=0.50 slug=0.75 anchor=0.50); no confident remap
exterior/cost-to-install-fence-in-miami-2026.md,178,Cost to Install a Patio in Miami 2026,/exterior/cost-to-install-patio-miami-2026/,STRIP,,/exterior/cost-to-build-patio-in-miami-2026/,1.00,0.83,1.00,weak match (topic=1.00 slug=0.83 anchor=1.00); no confident remap
exterior/cost-to-install-fence-in-miami-2026.md,179,Cost to Install Impact Windows in Miami 2026,/hurricane-protection/cost-to-install-impact-windows-miami-2026/,STRIP,/hurricane-protection/cost-to-install-impact-windows-tampa-2026/,/hurricane-protection/cost-to-install-impact-windows-tampa-2026/,1.00,0.93,1.00,BULK_STRIP from FLAG: topic+slug match but city mismatch: target=miami cand=tampa
exterior/cost-to-install-fence-in-orlando-2026.md,166,Cost to Install Impact Windows in Orlando 2026,/hurricane-protection/cost-to-install-impact-windows-in-orlando-2026/,STRIP,/hurricane-protection/cost-to-install-impact-windows-in-florida-2026/,/hurricane-protection/cost-to-install-impact-windows-in-florida-2026/,1.00,0.91,1.00,BULK_STRIP from FLAG: topic+slug match but city mismatch: target=orlando cand=florida
exterior/cost-to-install-fence-in-orlando-2026.md,168,Cost to Install Driveway in Orlando 2026,/exterior/cost-to-install-driveway-in-orlando-2026/,STRIP,,/exterior/cost-to-pave-driveway-in-florida-2026/,1.00,0.78,1.00,weak match (topic=1.00 slug=0.78 anchor=1.00); no confident remap
exterior/cost-to-install-gutter-in-florida-2026.md,171,Cost to Install Downspouts in Florida 2026,/exterior/cost-to-install-downspouts-florida-2026/,STRIP,,,0.00,0.00,0.00,no topic overlap with any whitelist candidate
exterior/cost-to-install-gutter-in-florida-2026.md,172,Cost to Repair Fascia in Florida 2026,/exterior/cost-to-repair-fascia-florida-2026/,STRIP,,/exterior/cost-to-repair-soffit-and-fascia-in-florida-2026/,0.50,0.83,0.50,weak match (topic=0.50 slug=0.83 anchor=0.50); no confident remap
exterior/cost-to-install-gutter-in-florida-2026.md,173,Cost to Clean Gutters in Florida 2026,/exterior/cost-to-clean-gutters-florida-2026/,STRIP,,,0.00,0.00,0.00,no topic overlap with any whitelist candidate
exterior/cost-to-install-gutter-in-fort-lauderdale-2026.md,169,Cost to Install Gutter Guards in Fort Lauderdale 2026,/exterior/cost-to-install-gutter-guards-fort-lauderdale-2026/,STRIP,,/exterior/cost-to-install-gutter-in-fort-lauderdale-2026/,0.50,0.92,0.50,weak match (topic=0.50 slug=0.92 anchor=0.50); no confident remap
exterior/cost-to-install-gutter-in-fort-lauderdale-2026.md,170,Cost to Repair Downspouts in Fort Lauderdale 2026,/exterior/cost-to-repair-downspouts-fort-lauderdale-2026/,STRIP,,,0.00,0.00,0.00,no topic overlap with any whitelist candidate
exterior/cost-to-install-gutter-in-miami-2026.md,171,Cost to Replace Roof in Miami,/roofing/cost-to-replace-roof-miami-2026/,REWRITE,/general/cost-to-replace-roof-in-miami-2026/,/general/cost-to-replace-roof-in-miami-2026/,1.00,0.95,1.00,topic=1.00 slug=0.95 anchor=1.00
exterior/cost-to-install-gutter-in-miami-2026.md,172,Cost to Install Impact Windows in Miami,/hurricane-protection/cost-to-install-impact-windows-miami-2026/,STRIP,/hurricane-protection/cost-to-install-impact-windows-tampa-2026/,/hurricane-protection/cost-to-install-impact-windows-tampa-2026/,1.00,0.93,1.00,BULK_STRIP from FLAG: topic+slug match but city mismatch: target=miami cand=tampa
exterior/cost-to-install-gutter-in-miami-2026.md,173,Cost to Install Hurricane Shutters Florida,/hurricane-protection/cost-to-install-hurricane-shutters-florida-2026/,REWRITE,/hurricane-protection/cost-to-install-hurricane-shutters-in-florida-2026/,/hurricane-protection/cost-to-install-hurricane-shutters-in-florida-2026/,1.00,0.97,1.00,topic=1.00 slug=0.97 anchor=1.00
exterior/cost-to-install-gutter-in-tampa-2026.md,170,Cost to Install Impact Windows in Tampa,/exterior/cost-to-install-impact-windows-tampa-2026/,REWRITE,/hurricane-protection/cost-to-install-impact-windows-tampa-2026/,/hurricane-protection/cost-to-install-impact-windows-tampa-2026/,1.00,1.00,1.00,topic=1.00 slug=1.00 anchor=1.00
exterior/cost-to-install-gutter-in-tampa-2026.md,171,Cost to Replace Roof in Tampa,/roofing/cost-to-replace-roof-tampa-2026/,REWRITE,/roofing/cost-to-replace-roof-in-tampa-2026/,/roofing/cost-to-replace-roof-in-tampa-2026/,1.00,0.95,1.00,topic=1.00 slug=0.95 anchor=1.00
exterior/cost-to-install-gutter-in-tampa-2026.md,172,Cost to Install Downspout Extensions Tampa,/exterior/cost-to-install-downspout-extensions-tampa-2026/,STRIP,,,0.00,0.00,0.00,no topic overlap with any whitelist candidate
exterior/cost-to-install-landscape-lighting-in-florida-2026.md,169,Cost to Install Outdoor Decking in Florida,/exterior/cost-to-install-outdoor-decking-florida-2026/,STRIP,,,0.00,0.00,0.00,no topic overlap with any whitelist candidate
exterior/cost-to-install-landscape-lighting-in-florida-2026.md,170,Cost to Install Outdoor Outlets in Florida,/electrical/cost-to-install-outdoor-outlets-florida-2026/,STRIP,,,0.00,0.00,0.00,no topic overlap with any whitelist candidate
exterior/cost-to-install-landscape-lighting-in-florida-2026.md,171,Cost to Install Pavers in Florida,/exterior/cost-to-install-pavers-florida-2026/,STRIP,,,0.00,0.00,0.00,no topic overlap with any whitelist candidate
exterior/cost-to-install-landscape-lighting-in-miami-2026.md,169,Cost to Install Impact Windows in Miami,/exterior/cost-to-install-impact-windows-miami-2026/,STRIP,/hurricane-protection/cost-to-install-impact-windows-tampa-2026/,/hurricane-protection/cost-to-install-impact-windows-tampa-2026/,1.00,0.93,1.00,BULK_STRIP from FLAG: topic+slug match but city mismatch: target=miami cand=tampa
exterior/cost-to-install-landscape-lighting-in-miami-2026.md,170,Cost to Install Pool Deck in Miami,/exterior/cost-to-install-pool-deck-miami-2026/,STRIP,,/pool/cost-to-resurface-pool-deck-in-miami-2026/,1.00,0.81,1.00,weak match (topic=1.00 slug=0.81 anchor=1.00); no confident remap
exterior/cost-to-install-landscape-lighting-in-miami-2026.md,171,Cost to Build Fence in Miami,/exterior/cost-to-build-fence-miami-2026/,STRIP,,/exterior/cost-to-install-fence-in-miami-2026/,1.00,0.83,1.00,weak match (topic=1.00 slug=0.83 anchor=1.00); no confident remap
exterior/cost-to-install-sod-in-fort-lauderdale-2026.md,169,Cost to Install Irrigation System in Fort Lauderdale 2026,/landscaping/cost-to-install-irrigation-system-fort-lauderdale-2026/,STRIP,,/hvac/cost-to-replace-hvac-system-orlando-2026/,0.33,0.62,0.33,fake section /landscaping/
exterior/cost-to-install-sod-in-fort-lauderdale-2026.md,170,Cost to Landscape a Backyard in Fort Lauderdale 2026,/landscaping/cost-to-landscape-backyard-fort-lauderdale-2026/,STRIP,,/exterior/cost-to-install-landscape-lighting-in-fort-lauderdale-2026/,0.33,0.74,0.33,fake section /landscaping/
exterior/cost-to-install-sod-in-fort-lauderdale-2026.md,171,Cost to Install Retaining Wall in Fort Lauderdale 2026,/landscaping/cost-to-install-retaining-wall-fort-lauderdale-2026/,STRIP,,,0.00,0.00,0.00,fake section /landscaping/
exterior/cost-to-install-sod-in-miami-2026.md,171,Cost to Install Sprinkler System in Miami 2026,/irrigation/cost-to-install-sprinkler-system-miami-2026/,STRIP,,/hvac/cost-to-replace-hvac-system-in-miami-2026/,0.33,0.67,0.33,fake section /irrigation/
exterior/cost-to-install-sod-in-miami-2026.md,172,Cost to Landscape Miami 2026,/landscaping/cost-to-landscape-miami-2026/,STRIP,,/exterior/cost-to-install-landscape-lighting-in-miami-2026/,0.50,0.74,0.50,fake section /landscaping/
exterior/cost-to-install-sod-in-miami-2026.md,173,Cost to Install Artificial Turf in Miami 2026,/landscaping/cost-to-install-artificial-turf-miami-2026/,STRIP,,,0.00,0.00,0.00,fake section /landscaping/
exterior/cost-to-install-sod-in-orlando-2026.md,163,Cost to Install Irrigation Systems in Orlando 2026,/exterior/cost-to-install-irrigation-systems-orlando-2026/,STRIP,,/major-systems/,0.33,0.33,0.33,weak match (topic=0.33 slug=0.33 anchor=0.33); no confident remap
exterior/cost-to-install-sod-in-orlando-2026.md,164,Cost to Install Fencing in Orlando 2026,/exterior/cost-to-install-fencing-in-orlando-2026/,STRIP,,,0.00,0.00,0.00,no topic overlap with any whitelist candidate
exterior/cost-to-install-sod-in-orlando-2026.md,165,Cost to Install Drainage Systems in Orlando 2026,/exterior/cost-to-install-drainage-systems-in-orlando-2026/,STRIP,,/major-systems/,0.33,0.33,0.33,weak match (topic=0.33 slug=0.33 anchor=0.33); no confident remap
exterior/cost-to-install-sod-in-tampa-2026.md,169,Cost to Install Irrigation System in Tampa,/exterior/cost-to-install-irrigation-system-tampa-2026/,STRIP,,/hvac/cost-to-replace-hvac-system-in-tampa-2026/,0.33,0.68,0.33,weak match (topic=0.33 slug=0.68 anchor=0.33); no confident remap
exterior/cost-to-install-sod-in-tampa-2026.md,170,Cost to Install Drainage Solutions in Tampa,/exterior/cost-to-install-drainage-solutions-tampa-2026/,STRIP,,,0.00,0.00,0.00,no topic overlap with any whitelist candidate
exterior/cost-to-install-sod-in-tampa-2026.md,171,Cost to Plant Trees in Tampa,/landscaping/cost-to-plant-trees-tampa-2026/,STRIP,,,0.00,0.00,0.00,fake section /landscaping/
exterior/cost-to-paint-house-exterior-in-jacksonville-2026.md,171,Cost to Pressure Wash House Exterior in Jacksonville 2026,/exterior/cost-to-pressure-wash-jacksonville-2026/,STRIP,,/exterior/cost-of-pressure-washing-in-miami-2026/,0.33,0.73,0.20,weak match (topic=0.33 slug=0.73 anchor=0.20); no confident remap
exterior/cost-to-paint-house-exterior-in-jacksonville-2026.md,172,Cost to Replace Siding in Jacksonville 2026,/exterior/cost-to-replace-siding-jacksonville-2026/,STRIP,,,0.00,0.00,0.00,no topic overlap with any whitelist candidate
exterior/cost-to-paint-house-exterior-in-jacksonville-2026.md,173,Cost to Paint House Interior in Jacksonville 2026,/exterior/cost-to-paint-house-interior-jacksonville-2026/,STRIP,,/interior/cost-to-paint-interior-of-house-in-miami-2026/,1.00,0.66,1.00,weak match (topic=1.00 slug=0.66 anchor=1.00); no confident remap
exterior/cost-to-paint-house-exterior-in-miami-2026.md,163,Cost to Install Impact Windows in Miami,/hurricane-protection/cost-to-install-impact-windows-miami-2026/,STRIP,/hurricane-protection/cost-to-install-impact-windows-tampa-2026/,/hurricane-protection/cost-to-install-impact-windows-tampa-2026/,1.00,0.93,1.00,BULK_STRIP from FLAG: topic+slug match but city mismatch: target=miami cand=tampa
exterior/cost-to-paint-house-exterior-in-miami-2026.md,164,Cost to Repair Stucco in Miami,/exterior/cost-to-repair-stucco-miami-2026/,REWRITE,/exterior/cost-to-repair-stucco-in-miami-2026/,/exterior/cost-to-repair-stucco-in-miami-2026/,1.00,0.96,1.00,topic=1.00 slug=0.96 anchor=1.00
exterior/cost-to-paint-house-exterior-in-miami-2026.md,165,Cost to Replace Roof in Miami,/roofing/cost-to-replace-roof-miami-2026/,REWRITE,/general/cost-to-replace-roof-in-miami-2026/,/general/cost-to-replace-roof-in-miami-2026/,1.00,0.95,1.00,topic=1.00 slug=0.95 anchor=1.00
exterior/cost-to-pave-driveway-in-broward-county-2026.md,170,Cost to Install Driveway Gate Florida,/exterior/cost-to-install-driveway-gate-florida-2026/,STRIP,,/exterior/cost-to-pave-driveway-in-florida-2026/,0.50,0.81,0.50,weak match (topic=0.50 slug=0.81 anchor=0.50); no confident remap
exterior/cost-to-pave-driveway-in-broward-county-2026.md,171,Cost to Pour Concrete in Florida,/exterior/cost-to-pour-concrete-in-florida-2026/,STRIP,,,0.00,0.00,0.00,no topic overlap with any whitelist candidate
exterior/cost-to-pave-driveway-in-florida-2026.md,165,Cost to Install Retaining Wall in Florida 2026,/exterior/cost-to-install-retaining-wall-in-florida-2026/,STRIP,,,0.00,0.00,0.00,no topic overlap with any whitelist candidate
exterior/cost-to-pave-driveway-in-florida-2026.md,166,Cost to Replace Driveway in Orlando 2026,/exterior/cost-to-replace-driveway-in-orlando-2026/,STRIP,,/exterior/cost-to-pave-driveway-in-florida-2026/,1.00,0.83,1.00,weak match (topic=1.00 slug=0.83 anchor=1.00); no confident remap
exterior/cost-to-pave-driveway-in-fort-lauderdale-2026.md,168,Cost to Install Driveway Gates in Fort Lauderdale 2026,/exterior/cost-to-install-driveway-gates-fort-lauderdale-2026/,STRIP,,/exterior/cost-to-pave-driveway-in-fort-lauderdale-2026/,0.50,0.83,0.50,weak match (topic=0.50 slug=0.83 anchor=0.50); no confident remap
exterior/cost-to-pave-driveway-in-fort-lauderdale-2026.md,169,Cost to Pave Walkway in Fort Lauderdale 2026,/exterior/cost-to-pave-walkway-fort-lauderdale-2026/,STRIP,,,0.00,0.00,0.00,no topic overlap with any whitelist candidate
exterior/cost-to-pave-driveway-in-fort-lauderdale-2026.md,170,Cost to Repair Drainage in Fort Lauderdale 2026,/exterior/cost-to-repair-drainage-fort-lauderdale-2026/,STRIP,,,0.00,0.00,0.00,no topic overlap with any whitelist candidate
exterior/cost-to-pave-driveway-in-miami-2026.md,171,Cost to Install Impact Windows in Miami,/hurricane-protection/cost-to-install-impact-windows-miami-2026/,STRIP,/hurricane-protection/cost-to-install-impact-windows-tampa-2026/,/hurricane-protection/cost-to-install-impact-windows-tampa-2026/,1.00,0.93,1.00,BULK_STRIP from FLAG: topic+slug match but city mismatch: target=miami cand=tampa
exterior/cost-to-pave-driveway-in-miami-2026.md,172,Cost to Repair Foundation in Miami,/foundation/cost-to-repair-foundation-in-miami-2026/,STRIP,,/major-systems/cost-to-repair-foundation-in-miami-2026/,1.00,1.00,1.00,fake section /foundation/
exterior/cost-to-pave-driveway-in-palm-beach-2026.md,169,Cost to Install Impact Windows in Palm Beach,/exterior/cost-to-install-impact-windows-palm-beach-2026/,REWRITE,/hurricane-protection/cost-to-install-impact-windows-in-palm-beach-2026/,/hurricane-protection/cost-to-install-impact-windows-in-palm-beach-2026/,1.00,0.97,1.00,topic=1.00 slug=0.97 anchor=1.00
exterior/cost-to-pave-driveway-in-palm-beach-2026.md,170,Cost to Install Hurricane Shutters Florida,/exterior/cost-to-install-hurricane-shutters-florida-2026/,REWRITE,/hurricane-protection/cost-to-install-hurricane-shutters-in-florida-2026/,/hurricane-protection/cost-to-install-hurricane-shutters-in-florida-2026/,1.00,0.97,1.00,topic=1.00 slug=0.97 anchor=1.00
exterior/cost-to-repair-seawall-in-florida-2026.md,167,Cost to Install Impact Windows in Florida,/exterior/cost-to-install-impact-windows-florida-2026/,REWRITE,/hurricane-protection/cost-to-install-impact-windows-in-florida-2026/,/hurricane-protection/cost-to-install-impact-windows-in-florida-2026/,1.00,0.97,1.00,topic=1.00 slug=0.97 anchor=1.00
exterior/cost-to-repair-seawall-in-florida-2026.md,168,Cost to Obtain Coastal Construction Permit in Florida,/permitting/cost-to-obtain-coastal-construction-permit-florida-2026/,STRIP,,,0.00,0.00,0.00,fake section /permitting/
exterior/cost-to-repair-seawall-in-florida-2026.md,169,Cost to Repair Foundation in Florida,/exterior/cost-to-repair-foundation-florida-2026/,REWRITE,/major-systems/cost-to-repair-foundation-in-florida-2026/,/major-systems/cost-to-repair-foundation-in-florida-2026/,1.00,0.96,1.00,topic=1.00 slug=0.96 anchor=1.00
exterior/cost-to-repair-seawall-in-fort-lauderdale-2026.md,170,Cost to Install Hurricane Shutters Florida,/hurricane-protection/cost-to-install-hurricane-shutters-florida-2026/,REWRITE,/hurricane-protection/cost-to-install-hurricane-shutters-in-florida-2026/,/hurricane-protection/cost-to-install-hurricane-shutters-in-florida-2026/,1.00,0.97,1.00,topic=1.00 slug=0.97 anchor=1.00
exterior/cost-to-repair-seawall-in-miami-2026.md,171,Cost to Install Impact Windows in Miami,/hurricane-protection/cost-to-install-impact-windows-miami-2026/,STRIP,/hurricane-protection/cost-to-install-impact-windows-tampa-2026/,/hurricane-protection/cost-to-install-impact-windows-tampa-2026/,1.00,0.93,1.00,BULK_STRIP from FLAG: topic+slug match but city mismatch: target=miami cand=tampa
exterior/cost-to-repair-seawall-in-miami-2026.md,172,Cost to Repair Flood Damage in Miami,/exterior/cost-to-repair-flood-damage-miami-2026/,STRIP,,,0.00,0.00,0.00,no topic overlap with any whitelist candidate
exterior/cost-to-repair-seawall-in-miami-2026.md,173,Cost to Replace a Roof in Miami,/roofing/cost-to-replace-roof-miami-2026/,REWRITE,/general/cost-to-replace-roof-in-miami-2026/,/general/cost-to-replace-roof-in-miami-2026/,1.00,0.95,1.00,topic=1.00 slug=0.95 anchor=1.00
exterior/cost-to-repair-soffit-and-fascia-in-florida-2026.md,168,Cost to Install Gutters in Florida,/exterior/cost-to-install-gutters-in-florida-2026/,STRIP,,,0.00,0.00,0.00,no topic overlap with any whitelist candidate
exterior/cost-to-repair-soffit-and-fascia-in-florida-2026.md,169,Cost to Install Siding in Florida,/exterior/cost-to-install-siding-in-florida-2026/,STRIP,,,0.00,0.00,0.00,no topic overlap with any whitelist candidate
exterior/cost-to-repair-soffit-and-fascia-in-miami-2026.md,168,Cost to Install Impact Windows in Miami,/exterior/cost-to-install-impact-windows-miami-2026/,STRIP,/hurricane-protection/cost-to-install-impact-windows-tampa-2026/,/hurricane-protection/cost-to-install-impact-windows-tampa-2026/,1.00,0.93,1.00,BULK_STRIP from FLAG: topic+slug match but city mismatch: target=miami cand=tampa
exterior/cost-to-repair-soffit-and-fascia-in-miami-2026.md,169,Cost to Install Hurricane Shutters Florida,/exterior/cost-to-install-hurricane-shutters-florida-2026/,REWRITE,/hurricane-protection/cost-to-install-hurricane-shutters-in-florida-2026/,/hurricane-protection/cost-to-install-hurricane-shutters-in-florida-2026/,1.00,0.97,1.00,topic=1.00 slug=0.97 anchor=1.00
exterior/cost-to-repair-soffit-and-fascia-in-miami-2026.md,170,Cost to Replace Roof in Miami,/roofing/cost-to-replace-roof-miami-2026/,REWRITE,/general/cost-to-replace-roof-in-miami-2026/,/general/cost-to-replace-roof-in-miami-2026/,1.00,0.95,1.00,topic=1.00 slug=0.95 anchor=1.00
exterior/cost-to-repair-stucco-in-florida-2026.md,166,Cost to Install Impact Windows Florida,/hurricane-protection/cost-to-install-impact-windows-florida-2026/,REWRITE,/hurricane-protection/cost-to-install-impact-windows-in-florida-2026/,/hurricane-protection/cost-to-install-impact-windows-in-florida-2026/,1.00,0.97,1.00,topic=1.00 slug=0.97 anchor=1.00
exterior/cost-to-repair-stucco-in-florida-2026.md,167,Cost to Repair Siding in Florida 2026,/exterior/cost-to-repair-siding-florida-2026/,STRIP,,,0.00,0.00,0.00,no topic overlap with any whitelist candidate
exterior/cost-to-repair-stucco-in-miami-2026.md,167,Cost to Install Impact Windows in Miami,/windows/cost-to-install-impact-windows-miami-2026/,STRIP,,/hurricane-protection/cost-to-install-impact-windows-tampa-2026/,1.00,0.93,1.00,fake section /windows/
exterior/cost-to-repair-stucco-in-miami-2026.md,168,Cost to Paint House Exterior Miami,/exterior/cost-to-paint-house-miami-2026/,STRIP,,/plumbing/cost-to-repipe-house-in-miami-2026/,1.00,0.84,0.50,weak match (topic=1.00 slug=0.84 anchor=0.50); no confident remap
exterior/cost-to-repair-stucco-in-miami-2026.md,169,Cost to Repair Siding in Florida,/exterior/cost-to-repair-siding-florida-2026/,STRIP,,,0.00,0.00,0.00,no topic overlap with any whitelist candidate
exterior/cost-to-repair-stucco-in-tampa-2026.md,167,Cost to Repair Siding in Tampa,/exterior/cost-to-repair-siding-in-tampa-2026/,STRIP,,,0.00,0.00,0.00,no topic overlap with any whitelist candidate
exterior/cost-to-repair-stucco-in-tampa-2026.md,168,Cost to Install Impact Windows Tampa,/exterior/cost-to-install-impact-windows-tampa-2026/,REWRITE,/hurricane-protection/cost-to-install-impact-windows-tampa-2026/,/hurricane-protection/cost-to-install-impact-windows-tampa-2026/,1.00,1.00,1.00,topic=1.00 slug=1.00 anchor=1.00
general/cost-to-install-metal-roof-in-fort-lauderdale-2026.md,172,Cost to Install Hurricane Shutters Florida,/hurricane-protection/cost-to-install-hurricane-shutters-florida-2026/,REWRITE,/hurricane-protection/cost-to-install-hurricane-shutters-in-florida-2026/,/hurricane-protection/cost-to-install-hurricane-shutters-in-florida-2026/,1.00,0.97,1.00,topic=1.00 slug=0.97 anchor=1.00
general/cost-to-install-metal-roof-in-fort-lauderdale-2026.md,173,Cost to Replace Roof in Miami,/roofing/cost-to-replace-roof-miami-2026/,REWRITE,/general/cost-to-replace-roof-in-miami-2026/,/general/cost-to-replace-roof-in-miami-2026/,1.00,0.95,1.00,topic=1.00 slug=0.95 anchor=1.00
general/cost-to-paint-house-exterior-florida-2026.md,169,Cost to Install Impact Windows in Florida,/general/cost-to-install-impact-windows-florida-2026/,REWRITE,/hurricane-protection/cost-to-install-impact-windows-in-florida-2026/,/hurricane-protection/cost-to-install-impact-windows-in-florida-2026/,1.00,0.97,1.00,topic=1.00 slug=0.97 anchor=1.00
general/cost-to-paint-house-exterior-florida-2026.md,170,Cost to Repair Stucco in Florida,/general/cost-to-stucco-repair-florida-2026/,STRIP,,/exterior/cost-to-repair-stucco-in-florida-2026/,0.50,0.82,1.00,weak match (topic=0.50 slug=0.82 anchor=1.00); no confident remap
general/cost-to-paint-house-exterior-florida-2026.md,171,Cost to Replace Siding in Florida,/general/cost-to-replace-siding-florida-2026/,STRIP,,,0.00,0.00,0.00,no topic overlap with any whitelist candidate
general/cost-to-repair-roof-in-florida-2026.md,168,Cost to Replace Roof in Florida 2026,/roofing/cost-to-replace-roof-florida-2026/,REWRITE,/roofing/cost-to-replace-roof-in-florida-2026/,/roofing/cost-to-replace-roof-in-florida-2026/,1.00,0.96,1.00,topic=1.00 slug=0.96 anchor=1.00
general/cost-to-repair-roof-in-florida-2026.md,169,Cost to Repair Flat Roof in Florida 2026,/roofing/cost-to-repair-flat-roof-florida-2026/,REWRITE,/roofing/cost-to-replace-flat-roof-in-florida-2026/,/roofing/cost-to-replace-flat-roof-in-florida-2026/,1.00,0.90,1.00,topic=1.00 slug=0.90 anchor=1.00
general/cost-to-repair-roof-in-florida-2026.md,170,Cost to Install Impact Windows Florida,/hurricane-protection/cost-to-install-impact-windows-florida-2026/,REWRITE,/hurricane-protection/cost-to-install-impact-windows-in-florida-2026/,/hurricane-protection/cost-to-install-impact-windows-in-florida-2026/,1.00,0.97,1.00,topic=1.00 slug=0.97 anchor=1.00
general/cost-to-repair-roof-in-orlando-2026.md,163,Cost to Replace a Roof in Orlando 2026,/roofing/cost-to-replace-a-roof-in-orlando-2026/,REWRITE,/general/cost-to-replace-roof-in-orlando-2026/,/general/cost-to-replace-roof-in-orlando-2026/,1.00,0.97,1.00,topic=1.00 slug=0.97 anchor=1.00
general/cost-to-repair-roof-in-orlando-2026.md,164,Cost to Install Impact Windows in Orlando,/hurricane-protection/cost-to-install-impact-windows-in-orlando-2026/,STRIP,/hurricane-protection/cost-to-install-impact-windows-in-florida-2026/,/hurricane-protection/cost-to-install-impact-windows-in-florida-2026/,1.00,0.91,1.00,BULK_STRIP from FLAG: topic+slug match but city mismatch: target=orlando cand=florida
general/cost-to-repair-roof-in-orlando-2026.md,165,Cost to Install Hurricane Shutters Florida,/hurricane-protection/cost-to-install-hurricane-shutters-florida-2026/,REWRITE,/hurricane-protection/cost-to-install-hurricane-shutters-in-florida-2026/,/hurricane-protection/cost-to-install-hurricane-shutters-in-florida-2026/,1.00,0.97,1.00,topic=1.00 slug=0.97 anchor=1.00
general/cost-to-replace-roof-fort-lauderdale-2026.md,182,Cost to Install Hurricane Shutters Florida,/hurricane-protection/cost-to-install-hurricane-shutters-florida-2026/,REWRITE,/hurricane-protection/cost-to-install-hurricane-shutters-in-florida-2026/,/hurricane-protection/cost-to-install-hurricane-shutters-in-florida-2026/,1.00,0.97,1.00,topic=1.00 slug=0.97 anchor=1.00
general/cost-to-replace-roof-fort-lauderdale-2026.md,183,Cost to Replace Roof in Miami,/roofing/cost-to-replace-roof-miami-2026/,REWRITE,/general/cost-to-replace-roof-in-miami-2026/,/general/cost-to-replace-roof-in-miami-2026/,1.00,0.95,1.00,topic=1.00 slug=0.95 anchor=1.00
general/cost-to-replace-roof-in-fort-lauderdale-2026.md,170,Cost to Install Hurricane Shutters Florida,/hurricane-protection/cost-to-install-hurricane-shutters-florida-2026/,REWRITE,/hurricane-protection/cost-to-install-hurricane-shutters-in-florida-2026/,/hurricane-protection/cost-to-install-hurricane-shutters-in-florida-2026/,1.00,0.97,1.00,topic=1.00 slug=0.97 anchor=1.00
general/cost-to-replace-roof-in-fort-lauderdale-2026.md,171,Cost to Replace Roof in Miami,/roofing/cost-to-replace-roof-miami-2026/,REWRITE,/general/cost-to-replace-roof-in-miami-2026/,/general/cost-to-replace-roof-in-miami-2026/,1.00,0.95,1.00,topic=1.00 slug=0.95 anchor=1.00
general/cost-to-replace-roof-in-miami-2026.md,169,Cost to Install Impact Windows in Miami,/hurricane-protection/cost-to-install-impact-windows-miami-2026/,STRIP,/hurricane-protection/cost-to-install-impact-windows-tampa-2026/,/hurricane-protection/cost-to-install-impact-windows-tampa-2026/,1.00,0.93,1.00,BULK_STRIP from FLAG: topic+slug match but city mismatch: target=miami cand=tampa
general/cost-to-replace-roof-in-miami-2026.md,170,Cost to Install Hurricane Shutters Florida,/hurricane-protection/cost-to-install-hurricane-shutters-florida-2026/,REWRITE,/hurricane-protection/cost-to-install-hurricane-shutters-in-florida-2026/,/hurricane-protection/cost-to-install-hurricane-shutters-in-florida-2026/,1.00,0.97,1.00,topic=1.00 slug=0.97 anchor=1.00
general/cost-to-replace-roof-in-orlando-2026.md,169,Cost to Replace Shingles in Orlando,/roofing/cost-to-replace-shingles-orlando-2026/,STRIP,,,0.00,0.00,0.00,no topic overlap with any whitelist candidate
general/cost-to-replace-roof-in-orlando-2026.md,170,Cost to Install Impact Windows in Orlando,/hurricane-protection/cost-to-install-impact-windows-orlando-2026/,STRIP,/hurricane-protection/cost-to-install-impact-windows-tampa-2026/,/hurricane-protection/cost-to-install-impact-windows-tampa-2026/,1.00,0.88,1.00,BULK_STRIP from FLAG: topic+slug match but city mismatch: target=orlando cand=tampa
general/cost-to-replace-roof-in-orlando-2026.md,171,Cost to Install Hurricane Shutters Florida,/hurricane-protection/cost-to-install-hurricane-shutters-florida-2026/,REWRITE,/hurricane-protection/cost-to-install-hurricane-shutters-in-florida-2026/,/hurricane-protection/cost-to-install-hurricane-shutters-in-florida-2026/,1.00,0.97,1.00,topic=1.00 slug=0.97 anchor=1.00
general/cost-to-replace-tile-roof-in-florida-2026.md,172,Cost to Install Impact Windows in Florida,/hurricane-protection/cost-to-install-impact-windows-florida-2026/,REWRITE,/hurricane-protection/cost-to-install-impact-windows-in-florida-2026/,/hurricane-protection/cost-to-install-impact-windows-in-florida-2026/,1.00,0.97,1.00,topic=1.00 slug=0.97 anchor=1.00
general/cost-to-replace-tile-roof-in-florida-2026.md,174,My Safe Florida Home Rebates Guide,/insurance/my-safe-florida-home-rebates-2026/,STRIP,,/electrical/cost-to-install-home-generators-miami-2026/,0.20,0.51,0.17,fake section /insurance/
general/cost-to-replace-windows-fort-lauderdale-2026.md,181,Cost to Install Hurricane Shutters Florida,/hurricane-protection/cost-to-install-hurricane-shutters-florida-2026/,REWRITE,/hurricane-protection/cost-to-install-hurricane-shutters-in-florida-2026/,/hurricane-protection/cost-to-install-hurricane-shutters-in-florida-2026/,1.00,0.97,1.00,topic=1.00 slug=0.97 anchor=1.00
general/cost-to-replace-windows-fort-lauderdale-2026.md,182,Cost to Replace Roof in Miami,/roofing/cost-to-replace-roof-miami-2026/,REWRITE,/general/cost-to-replace-roof-in-miami-2026/,/general/cost-to-replace-roof-in-miami-2026/,1.00,0.95,1.00,topic=1.00 slug=0.95 anchor=1.00
hurricane-protection/cost-to-install-hurricane-garage-door-in-florida-2026.md,166,Cost to Install Impact Windows in Florida,/hurricane-protection/cost-to-install-impact-windows-florida-2026/,REWRITE,/hurricane-protection/cost-to-install-impact-windows-in-florida-2026/,/hurricane-protection/cost-to-install-impact-windows-in-florida-2026/,1.00,0.97,1.00,topic=1.00 slug=0.97 anchor=1.00
hurricane-protection/cost-to-install-hurricane-garage-door-in-florida-2026.md,167,Cost to Replace Roof in Florida,/roofing/cost-to-replace-roof-florida-2026/,REWRITE,/roofing/cost-to-replace-roof-in-florida-2026/,/roofing/cost-to-replace-roof-in-florida-2026/,1.00,0.96,1.00,topic=1.00 slug=0.96 anchor=1.00
hurricane-protection/cost-to-install-hurricane-garage-door-in-florida-2026.md,168,Cost to Install Hurricane Shutters Florida,/hurricane-protection/cost-to-install-hurricane-shutters-florida-2026/,REWRITE,/hurricane-protection/cost-to-install-hurricane-shutters-in-florida-2026/,/hurricane-protection/cost-to-install-hurricane-shutters-in-florida-2026/,1.00,0.97,1.00,topic=1.00 slug=0.97 anchor=1.00
hurricane-protection/cost-to-install-hurricane-garage-door-in-fort-lauderdale-2026.md,170,Cost to Install Hurricane Shutters Florida,/hurricane-protection/cost-to-install-hurricane-shutters-florida-2026/,REWRITE,/hurricane-protection/cost-to-install-hurricane-shutters-in-florida-2026/,/hurricane-protection/cost-to-install-hurricane-shutters-in-florida-2026/,1.00,0.97,1.00,topic=1.00 slug=0.97 anchor=1.00
hurricane-protection/cost-to-install-hurricane-garage-door-in-jacksonville-2026.md,163,Cost to Install Impact Windows in Jacksonville,/hurricane-protection/cost-to-install-impact-windows-jacksonville-2026/,STRIP,/hurricane-protection/cost-to-install-impact-windows-in-davie-2026/,/hurricane-protection/cost-to-install-impact-windows-in-davie-2026/,1.00,0.87,1.00,BULK_STRIP from FLAG: topic+slug match but city mismatch: target=jacksonville cand=davie
hurricane-protection/cost-to-install-hurricane-garage-door-in-jacksonville-2026.md,164,Cost to Install Hurricane Shutters Florida,/hurricane-protection/cost-to-install-hurricane-shutters-florida-2026/,REWRITE,/hurricane-protection/cost-to-install-hurricane-shutters-in-florida-2026/,/hurricane-protection/cost-to-install-hurricane-shutters-in-florida-2026/,1.00,0.97,1.00,topic=1.00 slug=0.97 anchor=1.00
hurricane-protection/cost-to-install-hurricane-garage-door-in-jacksonville-2026.md,165,Cost to Replace Roof in Jacksonville,/roofing/cost-to-replace-roof-jacksonville-2026/,STRIP,,/roofing/cost-to-replace-roof-in-davie-2026/,1.00,0.83,1.00,weak match (topic=1.00 slug=0.83 anchor=1.00); no confident remap
hurricane-protection/cost-to-install-hurricane-garage-door-in-miami-2026.md,171,Cost to Install Impact Windows in Miami 2026,/hurricane-protection/cost-to-install-impact-windows-miami-2026/,STRIP,/hurricane-protection/cost-to-install-impact-windows-tampa-2026/,/hurricane-protection/cost-to-install-impact-windows-tampa-2026/,1.00,0.93,1.00,BULK_STRIP from FLAG: topic+slug match but city mismatch: target=miami cand=tampa
hurricane-protection/cost-to-install-hurricane-garage-door-in-miami-2026.md,172,Cost to Replace Roof in Miami 2026,/roofing/cost-to-replace-roof-miami-2026/,REWRITE,/general/cost-to-replace-roof-in-miami-2026/,/general/cost-to-replace-roof-in-miami-2026/,1.00,0.95,1.00,topic=1.00 slug=0.95 anchor=1.00
hurricane-protection/cost-to-install-hurricane-garage-door-in-miami-2026.md,173,Cost to Install Hurricane Shutters Florida,/hurricane-protection/cost-to-install-hurricane-shutters-florida-2026/,REWRITE,/hurricane-protection/cost-to-install-hurricane-shutters-in-florida-2026/,/hurricane-protection/cost-to-install-hurricane-shutters-in-florida-2026/,1.00,0.97,1.00,topic=1.00 slug=0.97 anchor=1.00
hurricane-protection/cost-to-install-hurricane-garage-door-in-tampa-2026.md,167,Cost to Install Hurricane Shutters Florida,/hurricane-protection/cost-to-install-hurricane-shutters-florida-2026/,REWRITE,/hurricane-protection/cost-to-install-hurricane-shutters-in-florida-2026/,/hurricane-protection/cost-to-install-hurricane-shutters-in-florida-2026/,1.00,0.97,1.00,topic=1.00 slug=0.97 anchor=1.00
hurricane-protection/cost-to-install-hurricane-garage-door-in-tampa-2026.md,168,Cost to Replace Roof in Tampa,/roofing/cost-to-replace-roof-tampa-2026/,REWRITE,/roofing/cost-to-replace-roof-in-tampa-2026/,/roofing/cost-to-replace-roof-in-tampa-2026/,1.00,0.95,1.00,topic=1.00 slug=0.95 anchor=1.00
hurricane-protection/cost-to-install-hurricane-shutters-in-florida-2026.md,171,Cost to Install Impact Windows in Florida,/hurricane-protection/cost-to-install-impact-windows-florida-2026/,REWRITE,/hurricane-protection/cost-to-install-impact-windows-in-florida-2026/,/hurricane-protection/cost-to-install-impact-windows-in-florida-2026/,1.00,0.97,1.00,topic=1.00 slug=0.97 anchor=1.00
hurricane-protection/cost-to-install-hurricane-shutters-in-florida-2026.md,172,Cost to Replace Roof in Miami,/roofing/cost-to-replace-roof-miami-2026/,REWRITE,/general/cost-to-replace-roof-in-miami-2026/,/general/cost-to-replace-roof-in-miami-2026/,1.00,0.95,1.00,topic=1.00 slug=0.95 anchor=1.00
hurricane-protection/cost-to-install-hurricane-shutters-in-florida-2026.md,173,Cost to Install Storm Shutters in Tampa,/hurricane-protection/cost-to-install-storm-shutters-in-tampa-2026/,STRIP,,/hurricane-protection/cost-to-install-storm-panels-in-tampa-2026/,0.33,0.88,0.33,weak match (topic=0.33 slug=0.88 anchor=0.33); no confident remap
hurricane-protection/cost-to-install-hurricane-shutters-in-fort-lauderdale-2026.md,170,Cost to Replace Roof in Fort Lauderdale,/roofing/cost-to-replace-roof-fort-lauderdale-2026/,REWRITE,/general/cost-to-replace-roof-fort-lauderdale-2026/,/general/cost-to-replace-roof-fort-lauderdale-2026/,1.00,1.00,1.00,topic=1.00 slug=1.00 anchor=1.00
hurricane-protection/cost-to-install-hurricane-shutters-in-fort-lauderdale-2026.md,171,Cost to Install Hurricane Shutters Florida,/hurricane-protection/cost-to-install-hurricane-shutters-florida-2026/,REWRITE,/hurricane-protection/cost-to-install-hurricane-shutters-in-florida-2026/,/hurricane-protection/cost-to-install-hurricane-shutters-in-florida-2026/,1.00,0.97,1.00,topic=1.00 slug=0.97 anchor=1.00
hurricane-protection/cost-to-install-hurricane-shutters-in-key-west-2026.md,169,Cost to Install Impact Windows in Key West,/hurricane-protection/cost-to-install-impact-windows-key-west-2026/,STRIP,/hurricane-protection/cost-to-install-impact-windows-in-weston-2026/,/hurricane-protection/cost-to-install-impact-windows-in-weston-2026/,1.00,0.92,1.00,BULK_STRIP from FLAG: topic+slug match but city mismatch: target=key-west cand=weston
hurricane-protection/cost-to-install-hurricane-shutters-in-key-west-2026.md,170,Cost to Install Hurricane Shutters Florida,/hurricane-protection/cost-to-install-hurricane-shutters-florida-2026/,REWRITE,/hurricane-protection/cost-to-install-hurricane-shutters-in-florida-2026/,/hurricane-protection/cost-to-install-hurricane-shutters-in-florida-2026/,1.00,0.97,1.00,topic=1.00 slug=0.97 anchor=1.00
hurricane-protection/cost-to-install-hurricane-shutters-in-key-west-2026.md,171,Cost to Replace Roof in Key West,/roofing/cost-to-replace-roof-key-west-2026/,REWRITE,/roofing/cost-to-replace-roof-in-key-west-2026/,/roofing/cost-to-replace-roof-in-key-west-2026/,1.00,0.96,1.00,topic=1.00 slug=0.96 anchor=1.00
hurricane-protection/cost-to-install-hurricane-shutters-in-miami-2026.md,171,Cost to Install Impact Windows in Miami,/hurricane-protection/cost-to-install-impact-windows-miami-2026/,STRIP,/hurricane-protection/cost-to-install-impact-windows-tampa-2026/,/hurricane-protection/cost-to-install-impact-windows-tampa-2026/,1.00,0.93,1.00,BULK_STRIP from FLAG: topic+slug match but city mismatch: target=miami cand=tampa
hurricane-protection/cost-to-install-hurricane-shutters-in-miami-2026.md,172,Cost to Install Hurricane Shutters Florida,/hurricane-protection/cost-to-install-hurricane-shutters-florida-2026/,REWRITE,/hurricane-protection/cost-to-install-hurricane-shutters-in-florida-2026/,/hurricane-protection/cost-to-install-hurricane-shutters-in-florida-2026/,1.00,0.97,1.00,topic=1.00 slug=0.97 anchor=1.00
hurricane-protection/cost-to-install-hurricane-shutters-in-miami-2026.md,173,Cost to Replace Roof in Miami,/roofing/cost-to-replace-roof-miami-2026/,REWRITE,/general/cost-to-replace-roof-in-miami-2026/,/general/cost-to-replace-roof-in-miami-2026/,1.00,0.95,1.00,topic=1.00 slug=0.95 anchor=1.00
hurricane-protection/cost-to-install-hurricane-shutters-in-orlando-2026.md,169,Cost to Install Impact Windows in Orlando,/hurricane-protection/cost-to-install-impact-windows-orlando-2026/,STRIP,/hurricane-protection/cost-to-install-impact-windows-tampa-2026/,/hurricane-protection/cost-to-install-impact-windows-tampa-2026/,1.00,0.88,1.00,BULK_STRIP from FLAG: topic+slug match but city mismatch: target=orlando cand=tampa
hurricane-protection/cost-to-install-hurricane-shutters-in-orlando-2026.md,171,Cost to Install Hurricane Shutters Florida,/hurricane-protection/cost-to-install-hurricane-shutters-florida-2026/,REWRITE,/hurricane-protection/cost-to-install-hurricane-shutters-in-florida-2026/,/hurricane-protection/cost-to-install-hurricane-shutters-in-florida-2026/,1.00,0.97,1.00,topic=1.00 slug=0.97 anchor=1.00
hurricane-protection/cost-to-install-hurricane-shutters-in-tampa-2026.md,170,Cost to Install Hurricane Shutters Florida,/hurricane-protection/cost-to-install-hurricane-shutters-florida-2026/,REWRITE,/hurricane-protection/cost-to-install-hurricane-shutters-in-florida-2026/,/hurricane-protection/cost-to-install-hurricane-shutters-in-florida-2026/,1.00,0.97,1.00,topic=1.00 slug=0.97 anchor=1.00
hurricane-protection/cost-to-install-hurricane-shutters-in-tampa-2026.md,171,Cost to Replace Roof in Tampa,/roofing/cost-to-replace-roof-tampa-2026/,REWRITE,/roofing/cost-to-replace-roof-in-tampa-2026/,/roofing/cost-to-replace-roof-in-tampa-2026/,1.00,0.95,1.00,topic=1.00 slug=0.95 anchor=1.00
hurricane-protection/cost-to-install-impact-doors-in-florida-2026.md,169,Cost to Install Impact Windows in Florida 2026,/hurricane-protection/cost-to-install-impact-windows-florida-2026/,REWRITE,/hurricane-protection/cost-to-install-impact-windows-in-florida-2026/,/hurricane-protection/cost-to-install-impact-windows-in-florida-2026/,1.00,0.97,1.00,topic=1.00 slug=0.97 anchor=1.00
hurricane-protection/cost-to-install-impact-doors-in-florida-2026.md,170,Cost to Install Hurricane Shutters Florida,/hurricane-protection/cost-to-install-hurricane-shutters-florida-2026/,REWRITE,/hurricane-protection/cost-to-install-hurricane-shutters-in-florida-2026/,/hurricane-protection/cost-to-install-hurricane-shutters-in-florida-2026/,1.00,0.97,1.00,topic=1.00 slug=0.97 anchor=1.00
hurricane-protection/cost-to-install-impact-doors-in-florida-2026.md,171,Cost to Replace Roof in Fort Lauderdale 2026,/roofing/cost-to-replace-roof-fort-lauderdale-2026/,REWRITE,/general/cost-to-replace-roof-fort-lauderdale-2026/,/general/cost-to-replace-roof-fort-lauderdale-2026/,1.00,1.00,1.00,topic=1.00 slug=1.00 anchor=1.00
hurricane-protection/cost-to-install-impact-doors-in-fort-lauderdale-2026.md,167,Cost to Install Hurricane Shutters Florida,/hurricane-protection/cost-to-install-hurricane-shutters-florida-2026/,REWRITE,/hurricane-protection/cost-to-install-hurricane-shutters-in-florida-2026/,/hurricane-protection/cost-to-install-hurricane-shutters-in-florida-2026/,1.00,0.97,1.00,topic=1.00 slug=0.97 anchor=1.00
hurricane-protection/cost-to-install-impact-doors-in-fort-lauderdale-2026.md,168,Cost to Replace Roof in Miami,/roofing/cost-to-replace-roof-miami-2026/,REWRITE,/general/cost-to-replace-roof-in-miami-2026/,/general/cost-to-replace-roof-in-miami-2026/,1.00,0.95,1.00,topic=1.00 slug=0.95 anchor=1.00
hurricane-protection/cost-to-install-impact-doors-in-miami-2026.md,167,Cost to Install Hurricane Shutters Florida,/hurricane-protection/cost-to-install-hurricane-shutters-florida-2026/,REWRITE,/hurricane-protection/cost-to-install-hurricane-shutters-in-florida-2026/,/hurricane-protection/cost-to-install-hurricane-shutters-in-florida-2026/,1.00,0.97,1.00,topic=1.00 slug=0.97 anchor=1.00
hurricane-protection/cost-to-install-impact-doors-in-miami-2026.md,168,Cost to Replace Roof in Miami,/roofing/cost-to-replace-roof-miami-2026/,REWRITE,/general/cost-to-replace-roof-in-miami-2026/,/general/cost-to-replace-roof-in-miami-2026/,1.00,0.95,1.00,topic=1.00 slug=0.95 anchor=1.00
hurricane-protection/cost-to-install-impact-doors-in-tampa-2026.md,170,Cost to Install Hurricane Shutters Florida,/hurricane-protection/cost-to-install-hurricane-shutters-florida-2026/,REWRITE,/hurricane-protection/cost-to-install-hurricane-shutters-in-florida-2026/,/hurricane-protection/cost-to-install-hurricane-shutters-in-florida-2026/,1.00,0.97,1.00,topic=1.00 slug=0.97 anchor=1.00
hurricane-protection/cost-to-install-impact-windows-in-broward-county-2026.md,168,Cost to Install Hurricane Shutters Florida,/hurricane-protection/cost-to-install-hurricane-shutters-florida-2026/,REWRITE,/hurricane-protection/cost-to-install-hurricane-shutters-in-florida-2026/,/hurricane-protection/cost-to-install-hurricane-shutters-in-florida-2026/,1.00,0.97,1.00,topic=1.00 slug=0.97 anchor=1.00
hurricane-protection/cost-to-install-impact-windows-in-broward-county-2026.md,169,Cost to Replace Roof in Fort Lauderdale,/roofing/cost-to-replace-roof-fort-lauderdale-2026/,REWRITE,/general/cost-to-replace-roof-fort-lauderdale-2026/,/general/cost-to-replace-roof-fort-lauderdale-2026/,1.00,1.00,1.00,topic=1.00 slug=1.00 anchor=1.00
hurricane-protection/cost-to-install-impact-windows-in-broward-county-2026.md,170,Cost to Install Impact Windows in Miami,/hurricane-protection/cost-to-install-impact-windows-miami-2026/,STRIP,/hurricane-protection/cost-to-install-impact-windows-tampa-2026/,/hurricane-protection/cost-to-install-impact-windows-tampa-2026/,1.00,0.93,1.00,BULK_STRIP from FLAG: topic+slug match but city mismatch: target=miami cand=tampa
hurricane-protection/cost-to-install-impact-windows-in-coral-gables-2026.md,169,Cost to Install Hurricane Shutters in Coral Gables 2026,/hurricane-protection/cost-to-install-hurricane-shutters-coral-gables-2026/,STRIP,,/hurricane-protection/cost-to-install-hurricane-shutters-in-florida-2026/,1.00,0.84,1.00,weak match (topic=1.00 slug=0.84 anchor=1.00); no confident remap
hurricane-protection/cost-to-install-impact-windows-in-coral-gables-2026.md,170,Cost to Replace Roof in Coral Gables 2026,/roofing/cost-to-replace-roof-coral-gables-2026/,REWRITE,/roofing/cost-to-replace-roof-in-coral-gables-2026/,/roofing/cost-to-replace-roof-in-coral-gables-2026/,1.00,0.96,1.00,topic=1.00 slug=0.96 anchor=1.00
hurricane-protection/cost-to-install-impact-windows-in-davie-2026.md,169,Cost to Install Hurricane Shutters Florida,/hurricane-protection/cost-to-install-hurricane-shutters-florida-2026/,REWRITE,/hurricane-protection/cost-to-install-hurricane-shutters-in-florida-2026/,/hurricane-protection/cost-to-install-hurricane-shutters-in-florida-2026/,1.00,0.97,1.00,topic=1.00 slug=0.97 anchor=1.00
hurricane-protection/cost-to-install-impact-windows-in-davie-2026.md,170,Cost to Install Impact Doors in Fort Lauderdale,/hurricane-protection/cost-to-install-impact-doors-fort-lauderdale-2026/,REWRITE,/hurricane-protection/cost-to-install-impact-doors-in-fort-lauderdale-2026/,/hurricane-protection/cost-to-install-impact-doors-in-fort-lauderdale-2026/,1.00,0.97,1.00,topic=1.00 slug=0.97 anchor=1.00
hurricane-protection/cost-to-install-impact-windows-in-davie-2026.md,171,Cost to Replace Roof in Fort Lauderdale,/roofing/cost-to-replace-roof-fort-lauderdale-2026/,REWRITE,/general/cost-to-replace-roof-fort-lauderdale-2026/,/general/cost-to-replace-roof-fort-lauderdale-2026/,1.00,1.00,1.00,topic=1.00 slug=1.00 anchor=1.00
hurricane-protection/cost-to-install-impact-windows-in-deerfield-beach-2026.md,170,Cost to Install Hurricane Shutters Florida 2026,/hurricane-protection/cost-to-install-hurricane-shutters-florida-2026/,REWRITE,/hurricane-protection/cost-to-install-hurricane-shutters-in-florida-2026/,/hurricane-protection/cost-to-install-hurricane-shutters-in-florida-2026/,1.00,0.97,1.00,topic=1.00 slug=0.97 anchor=1.00
hurricane-protection/cost-to-install-impact-windows-in-deerfield-beach-2026.md,171,Cost to Replace Roof in Deerfield Beach 2026,/roofing/cost-to-replace-roof-deerfield-beach-2026/,REWRITE,/roofing/cost-to-replace-roof-in-deerfield-beach-2026/,/roofing/cost-to-replace-roof-in-deerfield-beach-2026/,1.00,0.96,1.00,topic=1.00 slug=0.96 anchor=1.00
hurricane-protection/cost-to-install-impact-windows-in-florida-2026.md,163,Cost to Install Hurricane Shutters Florida,/hurricane-protection/cost-to-install-hurricane-shutters-florida-2026/,REWRITE,/hurricane-protection/cost-to-install-hurricane-shutters-in-florida-2026/,/hurricane-protection/cost-to-install-hurricane-shutters-in-florida-2026/,1.00,0.97,1.00,topic=1.00 slug=0.97 anchor=1.00
hurricane-protection/cost-to-install-impact-windows-in-florida-2026.md,164,Cost to Install Impact Doors in Florida,/hurricane-protection/cost-to-install-impact-doors-florida-2026/,REWRITE,/hurricane-protection/cost-to-install-impact-doors-in-florida-2026/,/hurricane-protection/cost-to-install-impact-doors-in-florida-2026/,1.00,0.96,1.00,topic=1.00 slug=0.96 anchor=1.00
hurricane-protection/cost-to-install-impact-windows-in-florida-2026.md,165,Cost to Replace Roof in Florida,/roofing/cost-to-replace-roof-florida-2026/,REWRITE,/roofing/cost-to-replace-roof-in-florida-2026/,/roofing/cost-to-replace-roof-in-florida-2026/,1.00,0.96,1.00,topic=1.00 slug=0.96 anchor=1.00
hurricane-protection/cost-to-install-impact-windows-in-fort-lauderdale-2026.md,166,Cost to Install Hurricane Shutters Florida,/hurricane-protection/cost-to-install-hurricane-shutters-florida-2026/,REWRITE,/hurricane-protection/cost-to-install-hurricane-shutters-in-florida-2026/,/hurricane-protection/cost-to-install-hurricane-shutters-in-florida-2026/,1.00,0.97,1.00,topic=1.00 slug=0.97 anchor=1.00
hurricane-protection/cost-to-install-impact-windows-in-fort-lauderdale-2026.md,167,Cost to Replace Roof in Fort Lauderdale,/roofing/cost-to-replace-roof-fort-lauderdale-2026/,REWRITE,/general/cost-to-replace-roof-fort-lauderdale-2026/,/general/cost-to-replace-roof-fort-lauderdale-2026/,1.00,1.00,1.00,topic=1.00 slug=1.00 anchor=1.00
hurricane-protection/cost-to-install-impact-windows-in-fort-lauderdale-2026.md,168,Cost to Install Garage Doors in Broward County,/hurricane-protection/cost-to-install-garage-doors-broward-2026/,STRIP,,/interior/cost-to-convert-garage-in-fort-lauderdale-2026/,0.50,0.67,0.50,weak match (topic=0.50 slug=0.67 anchor=0.50); no confident remap
hurricane-protection/cost-to-install-impact-windows-in-homestead-2026.md,167,Cost to Install Hurricane Shutters Florida,/hurricane-protection/cost-to-install-hurricane-shutters-florida-2026/,REWRITE,/hurricane-protection/cost-to-install-hurricane-shutters-in-florida-2026/,/hurricane-protection/cost-to-install-hurricane-shutters-in-florida-2026/,1.00,0.97,1.00,topic=1.00 slug=0.97 anchor=1.00
hurricane-protection/cost-to-install-impact-windows-in-homestead-2026.md,168,Cost to Replace Roof in Fort Lauderdale 2026,/roofing/cost-to-replace-roof-fort-lauderdale-2026/,REWRITE,/general/cost-to-replace-roof-fort-lauderdale-2026/,/general/cost-to-replace-roof-fort-lauderdale-2026/,1.00,1.00,1.00,topic=1.00 slug=1.00 anchor=1.00
hurricane-protection/cost-to-install-impact-windows-in-homestead-2026.md,169,Cost to Install Impact Windows in Miami,/hurricane-protection/cost-to-install-impact-windows-miami-2026/,STRIP,/hurricane-protection/cost-to-install-impact-windows-tampa-2026/,/hurricane-protection/cost-to-install-impact-windows-tampa-2026/,1.00,0.93,1.00,BULK_STRIP from FLAG: topic+slug match but city mismatch: target=miami cand=tampa
hurricane-protection/cost-to-install-impact-windows-in-palm-beach-2026.md,167,Cost to Install Hurricane Shutters Florida,/hurricane-protection/cost-to-install-hurricane-shutters-florida-2026/,REWRITE,/hurricane-protection/cost-to-install-hurricane-shutters-in-florida-2026/,/hurricane-protection/cost-to-install-hurricane-shutters-in-florida-2026/,1.00,0.97,1.00,topic=1.00 slug=0.97 anchor=1.00
hurricane-protection/cost-to-install-impact-windows-in-palm-beach-2026.md,168,Cost to Replace Roof in Miami,/roofing/cost-to-replace-roof-miami-2026/,REWRITE,/general/cost-to-replace-roof-in-miami-2026/,/general/cost-to-replace-roof-in-miami-2026/,1.00,0.95,1.00,topic=1.00 slug=0.95 anchor=1.00
hurricane-protection/cost-to-install-impact-windows-in-pembroke-pines-2026.md,166,Cost to Install Impact Glass Doors in Florida 2026,/hurricane-protection/cost-to-install-impact-glass-doors-florida-2026/,STRIP,,/hurricane-protection/cost-to-install-impact-doors-in-florida-2026/,0.67,0.90,0.67,weak match (topic=0.67 slug=0.90 anchor=0.67); no confident remap
hurricane-protection/cost-to-install-impact-windows-in-pembroke-pines-2026.md,167,Cost to Install Hurricane Shutters Florida 2026,/hurricane-protection/cost-to-install-hurricane-shutters-florida-2026/,REWRITE,/hurricane-protection/cost-to-install-hurricane-shutters-in-florida-2026/,/hurricane-protection/cost-to-install-hurricane-shutters-in-florida-2026/,1.00,0.97,1.00,topic=1.00 slug=0.97 anchor=1.00
hurricane-protection/cost-to-install-impact-windows-in-pembroke-pines-2026.md,168,Cost to Replace Roof in Broward County 2026,/roofing/cost-to-replace-roof-in-broward-county-2026/,STRIP,,/roofing/cost-to-replace-roof-in-cooper-city-2026/,1.00,0.82,1.00,weak match (topic=1.00 slug=0.82 anchor=1.00); no confident remap
hurricane-protection/cost-to-install-impact-windows-in-plantation-2026.md,166,Cost to Install Hurricane Shutters in Plantation,/hurricane-protection/cost-to-install-hurricane-shutters-plantation-2026/,STRIP,/hurricane-protection/cost-to-install-hurricane-shutters-in-orlando-2026/,/hurricane-protection/cost-to-install-hurricane-shutters-in-orlando-2026/,1.00,0.88,1.00,BULK_STRIP from FLAG: topic+slug match but city mismatch: target=plantation cand=orlando
hurricane-protection/cost-to-install-impact-windows-in-st.-petersburg-2026.md,170,Cost to Install Hurricane Shutters Florida,/hurricane-protection/cost-to-install-hurricane-shutters-florida-2026/,REWRITE,/hurricane-protection/cost-to-install-hurricane-shutters-in-florida-2026/,/hurricane-protection/cost-to-install-hurricane-shutters-in-florida-2026/,1.00,0.97,1.00,topic=1.00 slug=0.97 anchor=1.00
hurricane-protection/cost-to-install-impact-windows-in-st.-petersburg-2026.md,171,Cost to Replace Roof in St. Petersburg 2026,/roofing/cost-to-replace-roof-st-petersburg-2026/,STRIP,,/roofing/cost-to-replace-roof-in-margate-2026/,1.00,0.77,1.00,weak match (topic=1.00 slug=0.77 anchor=1.00); no confident remap
hurricane-protection/cost-to-install-impact-windows-in-weston-2026.md,165,Cost to Install Hurricane Shutters Florida,/hurricane-protection/cost-to-install-hurricane-shutters-florida-2026/,REWRITE,/hurricane-protection/cost-to-install-hurricane-shutters-in-florida-2026/,/hurricane-protection/cost-to-install-hurricane-shutters-in-florida-2026/,1.00,0.97,1.00,topic=1.00 slug=0.97 anchor=1.00
hurricane-protection/cost-to-install-impact-windows-in-weston-2026.md,167,Cost to Install Garage Doors in Weston,/garage/cost-to-install-garage-doors-in-weston-2026/,STRIP,,/interior/cost-to-convert-garage-in-florida-2026/,0.50,0.67,0.50,fake section /garage/
hurricane-protection/cost-to-install-roof-straps-in-broward-county-2026.md,183,Cost to Install Hurricane Shutters Florida,/hurricane-protection/cost-to-install-hurricane-shutters-florida-2026/,REWRITE,/hurricane-protection/cost-to-install-hurricane-shutters-in-florida-2026/,/hurricane-protection/cost-to-install-hurricane-shutters-in-florida-2026/,1.00,0.97,1.00,topic=1.00 slug=0.97 anchor=1.00
hurricane-protection/cost-to-install-roof-straps-in-broward-county-2026.md,184,Cost to Replace Roof in Miami,/roofing/cost-to-replace-roof-miami-2026/,REWRITE,/general/cost-to-replace-roof-in-miami-2026/,/general/cost-to-replace-roof-in-miami-2026/,1.00,0.95,1.00,topic=1.00 slug=0.95 anchor=1.00
hurricane-protection/cost-to-install-roof-straps-in-florida-2026.md,163,Cost to Install Impact Windows in Florida,/hurricane-protection/cost-to-install-impact-windows-florida-2026/,REWRITE,/hurricane-protection/cost-to-install-impact-windows-in-florida-2026/,/hurricane-protection/cost-to-install-impact-windows-in-florida-2026/,1.00,0.97,1.00,topic=1.00 slug=0.97 anchor=1.00
hurricane-protection/cost-to-install-roof-straps-in-florida-2026.md,164,Cost to Install Hurricane Shutters Florida,/hurricane-protection/cost-to-install-hurricane-shutters-florida-2026/,REWRITE,/hurricane-protection/cost-to-install-hurricane-shutters-in-florida-2026/,/hurricane-protection/cost-to-install-hurricane-shutters-in-florida-2026/,1.00,0.97,1.00,topic=1.00 slug=0.97 anchor=1.00
hurricane-protection/cost-to-install-roof-straps-in-florida-2026.md,165,Cost to Replace Roof in Miami,/roofing/cost-to-replace-roof-miami-2026/,REWRITE,/general/cost-to-replace-roof-in-miami-2026/,/general/cost-to-replace-roof-in-miami-2026/,1.00,0.95,1.00,topic=1.00 slug=0.95 anchor=1.00
hurricane-protection/cost-to-install-roof-straps-in-fort-lauderdale-2026.md,166,Cost to Install Hurricane Shutters Florida,/hurricane-protection/cost-to-install-hurricane-shutters-florida-2026/,REWRITE,/hurricane-protection/cost-to-install-hurricane-shutters-in-florida-2026/,/hurricane-protection/cost-to-install-hurricane-shutters-in-florida-2026/,1.00,0.97,1.00,topic=1.00 slug=0.97 anchor=1.00
hurricane-protection/cost-to-install-roof-straps-in-fort-lauderdale-2026.md,167,Cost to Replace Roof in Fort Lauderdale 2026,/roofing/cost-to-replace-roof-fort-lauderdale-2026/,REWRITE,/general/cost-to-replace-roof-fort-lauderdale-2026/,/general/cost-to-replace-roof-fort-lauderdale-2026/,1.00,1.00,1.00,topic=1.00 slug=1.00 anchor=1.00
hurricane-protection/cost-to-install-roof-straps-in-miami-2026.md,163,Cost to Install Impact Windows in Miami,/hurricane-protection/cost-to-install-impact-windows-miami-2026/,STRIP,/hurricane-protection/cost-to-install-impact-windows-tampa-2026/,/hurricane-protection/cost-to-install-impact-windows-tampa-2026/,1.00,0.93,1.00,BULK_STRIP from FLAG: topic+slug match but city mismatch: target=miami cand=tampa
hurricane-protection/cost-to-install-roof-straps-in-miami-2026.md,164,Cost to Install Hurricane Shutters Florida,/hurricane-protection/cost-to-install-hurricane-shutters-florida-2026/,REWRITE,/hurricane-protection/cost-to-install-hurricane-shutters-in-florida-2026/,/hurricane-protection/cost-to-install-hurricane-shutters-in-florida-2026/,1.00,0.97,1.00,topic=1.00 slug=0.97 anchor=1.00
hurricane-protection/cost-to-install-roof-straps-in-miami-2026.md,165,Cost to Replace Roof in Miami,/roofing/cost-to-replace-roof-miami-2026/,REWRITE,/general/cost-to-replace-roof-in-miami-2026/,/general/cost-to-replace-roof-in-miami-2026/,1.00,0.95,1.00,topic=1.00 slug=0.95 anchor=1.00
hurricane-protection/cost-to-install-roof-straps-in-palm-beach-2026.md,181,Cost to Install Impact Windows in Palm Beach 2026,/hurricane-protection/cost-to-install-impact-windows-palm-beach-2026/,REWRITE,/hurricane-protection/cost-to-install-impact-windows-in-palm-beach-2026/,/hurricane-protection/cost-to-install-impact-windows-in-palm-beach-2026/,1.00,0.97,1.00,topic=1.00 slug=0.97 anchor=1.00
hurricane-protection/cost-to-install-roof-straps-in-palm-beach-2026.md,182,Cost to Install Hurricane Shutters Palm Beach,/hurricane-protection/cost-to-install-hurricane-shutters-palm-beach-2026/,STRIP,/hurricane-protection/cost-to-install-hurricane-shutters-in-miami-2026/,/hurricane-protection/cost-to-install-hurricane-shutters-in-miami-2026/,1.00,0.86,1.00,BULK_STRIP from FLAG: topic+slug match but city mismatch: target=palm-beach cand=miami
hurricane-protection/cost-to-install-roof-straps-in-palm-beach-2026.md,183,Cost to Replace Roof in Palm Beach 2026,/roofing/cost-to-replace-roof-palm-beach-2026/,STRIP,,/roofing/cost-to-replace-roof-in-tamarac-2026/,1.00,0.83,1.00,weak match (topic=1.00 slug=0.83 anchor=1.00); no confident remap
hurricane-protection/cost-to-install-storm-panels-in-fort-lauderdale-2026.md,170,Cost to Install Hurricane Shutters Florida,/hurricane-protection/cost-to-install-hurricane-shutters-florida-2026/,REWRITE,/hurricane-protection/cost-to-install-hurricane-shutters-in-florida-2026/,/hurricane-protection/cost-to-install-hurricane-shutters-in-florida-2026/,1.00,0.97,1.00,topic=1.00 slug=0.97 anchor=1.00
hurricane-protection/cost-to-install-storm-panels-in-fort-lauderdale-2026.md,171,Cost to Replace Roof in Miami,/roofing/cost-to-replace-roof-miami-2026/,REWRITE,/general/cost-to-replace-roof-in-miami-2026/,/general/cost-to-replace-roof-in-miami-2026/,1.00,0.95,1.00,topic=1.00 slug=0.95 anchor=1.00
hurricane-protection/cost-to-install-storm-panels-in-miami-2026.md,169,Cost to Install Impact Windows in Miami,/hurricane-protection/cost-to-install-impact-windows-miami-2026/,STRIP,/hurricane-protection/cost-to-install-impact-windows-tampa-2026/,/hurricane-protection/cost-to-install-impact-windows-tampa-2026/,1.00,0.93,1.00,BULK_STRIP from FLAG: topic+slug match but city mismatch: target=miami cand=tampa
hurricane-protection/cost-to-install-storm-panels-in-miami-2026.md,170,Cost to Install Hurricane Shutters Florida,/hurricane-protection/cost-to-install-hurricane-shutters-florida-2026/,REWRITE,/hurricane-protection/cost-to-install-hurricane-shutters-in-florida-2026/,/hurricane-protection/cost-to-install-hurricane-shutters-in-florida-2026/,1.00,0.97,1.00,topic=1.00 slug=0.97 anchor=1.00
hurricane-protection/cost-to-install-storm-panels-in-miami-2026.md,171,Cost to Replace Roof in Miami,/roofing/cost-to-replace-roof-miami-2026/,REWRITE,/general/cost-to-replace-roof-in-miami-2026/,/general/cost-to-replace-roof-in-miami-2026/,1.00,0.95,1.00,topic=1.00 slug=0.95 anchor=1.00
hurricane-protection/cost-to-install-storm-panels-in-sarasota-2026.md,163,Cost to Install Impact Windows in Sarasota,/hurricane-protection/cost-to-install-impact-windows-sarasota-2026/,STRIP,/hurricane-protection/cost-to-install-impact-windows-tampa-2026/,/hurricane-protection/cost-to-install-impact-windows-tampa-2026/,1.00,0.89,1.00,BULK_STRIP from FLAG: topic+slug match but city mismatch: target=sarasota cand=tampa
hurricane-protection/cost-to-install-storm-panels-in-sarasota-2026.md,164,Cost to Install Hurricane Shutters Florida,/hurricane-protection/cost-to-install-hurricane-shutters-florida-2026/,REWRITE,/hurricane-protection/cost-to-install-hurricane-shutters-in-florida-2026/,/hurricane-protection/cost-to-install-hurricane-shutters-in-florida-2026/,1.00,0.97,1.00,topic=1.00 slug=0.97 anchor=1.00
hurricane-protection/cost-to-install-storm-panels-in-sarasota-2026.md,165,Cost to Install Storm Panels in Miami,/hurricane-protection/cost-to-install-storm-panels-miami-2026/,REWRITE,/hurricane-protection/cost-to-install-storm-panels-in-miami-2026/,/hurricane-protection/cost-to-install-storm-panels-in-miami-2026/,1.00,0.96,1.00,topic=1.00 slug=0.96 anchor=1.00
hurricane-protection/cost-to-install-storm-panels-in-tampa-2026.md,170,Cost to Install Hurricane Shutters Florida,/hurricane-protection/cost-to-install-hurricane-shutters-florida-2026/,REWRITE,/hurricane-protection/cost-to-install-hurricane-shutters-in-florida-2026/,/hurricane-protection/cost-to-install-hurricane-shutters-in-florida-2026/,1.00,0.97,1.00,topic=1.00 slug=0.97 anchor=1.00
hvac/cost-of-duct-cleaning-in-fort-lauderdale-2026.md,174,Cost to Install Central AC in Fort Lauderdale 2026,/hvac/cost-to-install-central-ac-in-fort-lauderdale-2026/,STRIP,,/hvac/cost-to-replace-ac-in-fort-lauderdale-2026/,0.50,0.83,0.50,weak match (topic=0.50 slug=0.83 anchor=0.50); no confident remap
hvac/cost-of-duct-cleaning-in-fort-lauderdale-2026.md,175,Cost to Replace HVAC System in Fort Lauderdale 2026,/hvac/cost-to-replace-hvac-system-in-fort-lauderdale-2026/,STRIP,,/hvac/cost-to-replace-hvac-system-in-tampa-2026/,1.00,0.85,1.00,weak match (topic=1.00 slug=0.85 anchor=1.00); no confident remap
hvac/cost-of-duct-cleaning-in-fort-lauderdale-2026.md,176,Cost to Repair AC Unit in Fort Lauderdale 2026,/hvac/cost-to-repair-ac-unit-in-fort-lauderdale-2026/,STRIP,,/hvac/cost-to-replace-ac-in-fort-lauderdale-2026/,0.50,0.89,0.50,weak match (topic=0.50 slug=0.89 anchor=0.50); no confident remap
hvac/cost-of-duct-cleaning-in-tampa-2026.md,165,Cost to Replace AC Unit in Tampa 2026,/hvac/cost-to-replace-ac-unit-tampa-2026/,STRIP,/hvac/cost-to-replace-ac-in-tampa-2026/,/hvac/cost-to-replace-ac-in-tampa-2026/,0.50,0.94,0.50,BULK_STRIP from FLAG: slug nearly-identical 0.94; anchor=0.50 (likely city/year/word mismatch — review)
hvac/cost-of-duct-cleaning-in-tampa-2026.md,166,Cost to Install Whole Home Air Purifier Tampa 2026,/hvac/cost-to-install-air-purifier-tampa-2026/,STRIP,,/hvac/cost-to-clean-air-ducts-in-tampa-2026/,0.33,0.71,0.20,weak match (topic=0.33 slug=0.71 anchor=0.20); no confident remap
hvac/cost-of-duct-cleaning-in-tampa-2026.md,167,Cost to Repair HVAC System Tampa 2026,/hvac/cost-to-repair-hvac-tampa-2026/,STRIP,,/hvac/,1.00,0.24,0.50,weak match (topic=1.00 slug=0.24 anchor=0.50); no confident remap
hvac/cost-to-clean-ac-coils-in-fort-lauderdale-2026.md,165,Cost to Replace AC Condenser in Fort Lauderdale 2026,/hvac/cost-to-replace-ac-condenser-fort-lauderdale-2026/,STRIP,,/hvac/cost-to-replace-ac-in-fort-lauderdale-2026/,0.50,0.90,0.50,weak match (topic=0.50 slug=0.90 anchor=0.50); no confident remap
hvac/cost-to-clean-ac-coils-in-fort-lauderdale-2026.md,166,Cost to Install Duct Cleaning in Fort Lauderdale 2026,/hvac/cost-to-install-duct-cleaning-fort-lauderdale-2026/,REWRITE,/hvac/cost-of-duct-cleaning-in-fort-lauderdale-2026/,/hvac/cost-of-duct-cleaning-in-fort-lauderdale-2026/,1.00,0.86,1.00,topic=1.00 slug=0.86 anchor=1.00
hvac/cost-to-clean-ac-coils-in-fort-lauderdale-2026.md,167,Cost to Replace Roof in Fort Lauderdale 2026,/roofing/cost-to-replace-roof-fort-lauderdale-2026/,REWRITE,/general/cost-to-replace-roof-fort-lauderdale-2026/,/general/cost-to-replace-roof-fort-lauderdale-2026/,1.00,1.00,1.00,topic=1.00 slug=1.00 anchor=1.00
hvac/cost-to-clean-ac-coils-in-miami-2026.md,163,Cost to Install AC Unit in Miami 2026,/hvac/cost-to-install-ac-unit-miami-2026/,STRIP,,/hvac/cost-to-replace-ac-in-miami-2026/,0.50,0.76,0.50,weak match (topic=0.50 slug=0.76 anchor=0.50); no confident remap
hvac/cost-to-clean-ac-coils-in-miami-2026.md,164,Cost to Maintain HVAC System Miami 2026,/hvac/cost-to-maintain-hvac-system-miami-2026/,STRIP,,/hvac/cost-to-replace-hvac-system-in-miami-2026/,1.00,0.80,1.00,weak match (topic=1.00 slug=0.80 anchor=1.00); no confident remap
hvac/cost-to-clean-ac-coils-in-miami-2026.md,165,Cost to Replace Condenser Miami 2026,/hvac/cost-to-replace-condenser-miami-2026/,STRIP,,,0.00,0.00,0.00,no topic overlap with any whitelist candidate
hvac/cost-to-clean-ac-coils-in-tampa-2026.md,167,Cost to Replace AC Unit in Tampa 2026,/hvac/cost-to-replace-ac-unit-tampa-2026/,STRIP,/hvac/cost-to-replace-ac-in-tampa-2026/,/hvac/cost-to-replace-ac-in-tampa-2026/,0.50,0.94,0.50,BULK_STRIP from FLAG: slug nearly-identical 0.94; anchor=0.50 (likely city/year/word mismatch — review)
hvac/cost-to-clean-ac-coils-in-tampa-2026.md,168,Cost to Install Duct Sealing in Tampa 2026,/hvac/cost-to-install-duct-sealing-tampa-2026/,STRIP,,/hvac/cost-of-duct-cleaning-in-tampa-2026/,0.33,0.76,0.33,weak match (topic=0.33 slug=0.76 anchor=0.33); no confident remap
hvac/cost-to-clean-ac-coils-in-tampa-2026.md,169,Cost to Install Smart Thermostat in Tampa 2026,/hvac/cost-to-install-smart-thermostat-tampa-2026/,STRIP,,,0.00,0.00,0.00,no topic overlap with any whitelist candidate
hvac/cost-to-clean-air-ducts-in-florida-2026.md,163,Cost to Replace AC Unit in Florida 2026,/hvac/cost-to-replace-ac-unit-florida-2026/,STRIP,/hvac/cost-to-replace-ac-in-florida-2026/,/hvac/cost-to-replace-ac-in-florida-2026/,0.50,0.94,0.50,BULK_STRIP from FLAG: slug nearly-identical 0.94; anchor=0.50 (likely city/year/word mismatch — review)
hvac/cost-to-clean-air-ducts-in-florida-2026.md,164,Cost to Install HVAC Maintenance Plan Florida,/hvac/cost-to-install-hvac-maintenance-plan-florida-2026/,STRIP,,/hvac/cost-to-replace-hvac-system-orlando-2026/,0.25,0.60,0.25,weak match (topic=0.25 slug=0.60 anchor=0.25); no confident remap
hvac/cost-to-clean-air-ducts-in-florida-2026.md,165,Cost to Seal Ductwork in Florida 2026,/hvac/cost-to-seal-ductwork-in-florida-2026/,REWRITE,/hvac/cost-to-replace-ductwork-in-florida-2026/,/hvac/cost-to-replace-ductwork-in-florida-2026/,1.00,0.91,1.00,topic=1.00 slug=0.91 anchor=1.00
hvac/cost-to-clean-air-ducts-in-fort-lauderdale-2026.md,167,Cost to Install Evaporative Cooler in Fort Lauderdale 2026,/hvac/cost-to-install-evap-cooler-fort-lauderdale-2026/,STRIP,,,0.00,0.00,0.00,no topic overlap with any whitelist candidate
hvac/cost-to-clean-air-ducts-in-miami-2026.md,170,Cost to Replace HVAC System in Miami 2026,/hvac/cost-to-replace-hvac-system-miami-2026/,REWRITE,/hvac/cost-to-replace-hvac-system-in-miami-2026/,/hvac/cost-to-replace-hvac-system-in-miami-2026/,1.00,0.96,1.00,topic=1.00 slug=0.96 anchor=1.00
hvac/cost-to-clean-air-ducts-in-miami-2026.md,171,Cost to Install Evaporator Coil in Miami 2026,/hvac/cost-to-install-evaporator-coil-miami-2026/,STRIP,,,0.00,0.00,0.00,no topic overlap with any whitelist candidate
hvac/cost-to-clean-air-ducts-in-miami-2026.md,172,Cost to Repair AC Unit in Miami 2026,/hvac/cost-to-repair-ac-unit-miami-2026/,STRIP,,/hvac/cost-to-replace-ac-in-miami-2026/,0.50,0.86,0.50,weak match (topic=0.50 slug=0.86 anchor=0.50); no confident remap
hvac/cost-to-clean-air-ducts-in-tampa-2026.md,173,Cost to Install Central Air Conditioning in Tampa 2026,/hvac/cost-to-install-ac-in-tampa-2026/,STRIP,,/hvac/cost-to-replace-ac-in-tampa-2026/,1.00,0.81,0.00,weak match (topic=1.00 slug=0.81 anchor=0.00); no confident remap
hvac/cost-to-clean-air-ducts-in-tampa-2026.md,174,Cost to Install Whole Home Dehumidifier in Tampa 2026,/hvac/cost-to-install-dehumidifier-tampa-2026/,STRIP,,,0.00,0.00,0.00,no topic overlap with any whitelist candidate
hvac/cost-to-clean-air-ducts-in-tampa-2026.md,175,Cost to Replace HVAC System in Tampa 2026,/hvac/cost-to-replace-hvac-tampa-2026/,STRIP,,/hvac/,1.00,0.23,0.50,weak match (topic=1.00 slug=0.23 anchor=0.50); no confident remap
hvac/cost-to-install-mini-split-in-florida-2026.md,167,Cost to Replace Central Air in Florida 2026,/hvac/cost-to-replace-central-air-in-florida-2026/,STRIP,,/hvac/cost-to-clean-air-ducts-in-florida-2026/,0.33,0.76,0.33,weak match (topic=0.33 slug=0.76 anchor=0.33); no confident remap
hvac/cost-to-install-mini-split-in-florida-2026.md,169,Cost to Install Hurricane Shutters Florida,/hurricane-protection/cost-to-install-hurricane-shutters-florida-2026/,REWRITE,/hurricane-protection/cost-to-install-hurricane-shutters-in-florida-2026/,/hurricane-protection/cost-to-install-hurricane-shutters-in-florida-2026/,1.00,0.97,1.00,topic=1.00 slug=0.97 anchor=1.00
hvac/cost-to-install-mini-split-in-fort-lauderdale-2026.md,173,Cost to Install Central Air in Fort Lauderdale 2026,/hvac/cost-to-install-central-air-fort-lauderdale-2026/,STRIP,,/hvac/cost-to-clean-air-ducts-in-fort-lauderdale-2026/,0.33,0.72,0.33,weak match (topic=0.33 slug=0.72 anchor=0.33); no confident remap
hvac/cost-to-install-mini-split-in-fort-lauderdale-2026.md,174,Cost to Replace AC Unit Florida,/hvac/cost-to-replace-ac-unit-florida-2026/,STRIP,/hvac/cost-to-replace-ac-in-florida-2026/,/hvac/cost-to-replace-ac-in-florida-2026/,0.50,0.94,0.50,BULK_STRIP from FLAG: slug nearly-identical 0.94; anchor=0.50 (likely city/year/word mismatch — review)
hvac/cost-to-install-mini-split-in-miami-2026.md,155,Cost to Install Central Air Conditioning in Miami 2026,/hvac/cost-to-install-central-air-conditioning-miami-2026/,STRIP,,/hvac/cost-to-clean-air-ducts-in-miami-2026/,0.25,0.66,0.25,weak match (topic=0.25 slug=0.66 anchor=0.25); no confident remap
hvac/cost-to-install-mini-split-in-miami-2026.md,156,Cost to Replace HVAC System in Miami 2026,/hvac/cost-to-replace-hvac-system-miami-2026/,REWRITE,/hvac/cost-to-replace-hvac-system-in-miami-2026/,/hvac/cost-to-replace-hvac-system-in-miami-2026/,1.00,0.96,1.00,topic=1.00 slug=0.96 anchor=1.00
hvac/cost-to-install-mini-split-in-miami-2026.md,157,Cost to Install Impact Windows in Miami 2026,/hurricane-protection/cost-to-install-impact-windows-miami-2026/,STRIP,/hurricane-protection/cost-to-install-impact-windows-tampa-2026/,/hurricane-protection/cost-to-install-impact-windows-tampa-2026/,1.00,0.93,1.00,BULK_STRIP from FLAG: topic+slug match but city mismatch: target=miami cand=tampa
hvac/cost-to-install-mini-split-in-orlando-2026.md,171,Cost to Install Central Air in Orlando 2026,/hvac/cost-to-install-central-air-orlando-2026/,STRIP,,/hvac/cost-to-clean-air-ducts-in-florida-2026/,0.33,0.56,0.33,weak match (topic=0.33 slug=0.56 anchor=0.33); no confident remap
hvac/cost-to-install-mini-split-in-orlando-2026.md,172,Cost to Install Heat Pump Florida,/hvac/cost-to-heat-pump-installation-florida-2026/,STRIP,,/major-systems/cost-to-replace-well-pump-in-florida-2026/,0.25,0.74,0.33,weak match (topic=0.25 slug=0.74 anchor=0.33); no confident remap
hvac/cost-to-install-mini-split-in-orlando-2026.md,173,Cost to Replace AC Unit in Orlando 2026,/hvac/cost-to-replace-ac-unit-orlando-2026/,STRIP,,/hvac/cost-to-replace-ac-in-florida-2026/,0.50,0.83,0.50,weak match (topic=0.50 slug=0.83 anchor=0.50); no confident remap
hvac/cost-to-install-mini-split-in-tampa-2026.md,163,Cost to Replace Central Air in Tampa 2026,/hvac/cost-to-replace-central-air-tampa-2026/,STRIP,,/hvac/cost-to-clean-air-ducts-in-tampa-2026/,0.33,0.69,0.33,weak match (topic=0.33 slug=0.69 anchor=0.33); no confident remap
hvac/cost-to-install-mini-split-in-tampa-2026.md,164,Cost to Install Heat Pump in Tampa 2026,/hvac/cost-to-install-heat-pump-tampa-2026/,STRIP,,/plumbing/cost-to-install-sump-pump-in-miami-2026/,0.33,0.77,0.33,weak match (topic=0.33 slug=0.77 anchor=0.33); no confident remap
hvac/cost-to-install-mini-split-in-tampa-2026.md,165,Cost to Install Evaporative Cooler Florida,/hvac/cost-to-install-evaporative-cooler-florida-2026/,STRIP,,,0.00,0.00,0.00,no topic overlap with any whitelist candidate
hvac/cost-to-replace-ac-compressor-in-fort-lauderdale-2026.md,168,Cost to Install a New AC Unit in Fort Lauderdale,/hvac/cost-to-install-a-new-ac-unit-fort-lauderdale-2026/,STRIP,,/hvac/cost-to-replace-ac-in-fort-lauderdale-2026/,0.50,0.78,0.50,weak match (topic=0.50 slug=0.78 anchor=0.50); no confident remap
hvac/cost-to-replace-ac-compressor-in-fort-lauderdale-2026.md,169,Cost to Replace Air Handler in Fort Lauderdale 2026,/hvac/cost-to-replace-air-handler-fort-lauderdale-2026/,STRIP,,/hvac/cost-to-clean-air-ducts-in-fort-lauderdale-2026/,0.33,0.78,0.33,weak match (topic=0.33 slug=0.78 anchor=0.33); no confident remap
hvac/cost-to-replace-ac-compressor-in-miami-2026.md,165,Cost to Install Central Air Conditioning in Miami,/hvac/cost-to-install-central-air-conditioning-in-miami-2026/,STRIP,,/hvac/cost-to-clean-air-ducts-in-miami-2026/,0.25,0.66,0.25,weak match (topic=0.25 slug=0.66 anchor=0.25); no confident remap
hvac/cost-to-replace-ac-compressor-in-miami-2026.md,166,Cost to Repair AC Unit in Miami,/hvac/cost-to-repair-ac-unit-in-miami-2026/,STRIP,,/hvac/cost-to-replace-ac-in-miami-2026/,0.50,0.85,0.50,weak match (topic=0.50 slug=0.85 anchor=0.50); no confident remap
hvac/cost-to-replace-ac-compressor-in-miami-2026.md,167,Cost to Replace Air Handler in Miami,/hvac/cost-to-replace-air-handler-in-miami-2026/,STRIP,,/hvac/cost-to-clean-air-ducts-in-miami-2026/,0.33,0.77,0.33,weak match (topic=0.33 slug=0.77 anchor=0.33); no confident remap
hvac/cost-to-replace-ac-compressor-in-tampa-2026.md,183,Cost to Install AC Unit in Tampa 2026,/hvac/cost-to-install-ac-unit-tampa-2026/,STRIP,,/hvac/cost-to-replace-ac-in-tampa-2026/,0.50,0.76,0.50,weak match (topic=0.50 slug=0.76 anchor=0.50); no confident remap
hvac/cost-to-replace-ac-compressor-in-tampa-2026.md,184,Cost to Maintain AC in Tampa 2026,/hvac/cost-to-maintain-ac-tampa-2026/,STRIP,,/hvac/cost-to-replace-ac-in-tampa-2026/,1.00,0.74,1.00,weak match (topic=1.00 slug=0.74 anchor=1.00); no confident remap
hvac/cost-to-replace-ac-compressor-in-tampa-2026.md,185,Cost to Install Ductwork in Tampa 2026,/hvac/cost-to-install-ductwork-tampa-2026/,STRIP,,/hvac/cost-to-replace-ductwork-in-miami-2026/,1.00,0.71,1.00,weak match (topic=1.00 slug=0.71 anchor=1.00); no confident remap
hvac/cost-to-replace-ac-in-coral-gables-2026.md,169,Cost to Install Impact Windows in Coral Gables,/hvac/cost-to-install-impact-windows-coral-gables-2026/,REWRITE,/hurricane-protection/cost-to-install-impact-windows-in-coral-gables-2026/,/hurricane-protection/cost-to-install-impact-windows-in-coral-gables-2026/,1.00,0.97,1.00,topic=1.00 slug=0.97 anchor=1.00
hvac/cost-to-replace-ac-in-coral-gables-2026.md,170,Cost to Install Hurricane Shutters Florida,/hvac/cost-to-install-hurricane-shutters-florida-2026/,REWRITE,/hurricane-protection/cost-to-install-hurricane-shutters-in-florida-2026/,/hurricane-protection/cost-to-install-hurricane-shutters-in-florida-2026/,1.00,0.97,1.00,topic=1.00 slug=0.97 anchor=1.00
hvac/cost-to-replace-ac-in-coral-gables-2026.md,171,Cost to Replace Roof in Coral Gables,/roofing/cost-to-replace-roof-coral-gables-2026/,REWRITE,/roofing/cost-to-replace-roof-in-coral-gables-2026/,/roofing/cost-to-replace-roof-in-coral-gables-2026/,1.00,0.96,1.00,topic=1.00 slug=0.96 anchor=1.00
hvac/cost-to-replace-ac-in-florida-2026.md,171,Cost to Install Ductless Mini-Split in Florida 2026,/hvac/cost-to-install-ductless-mini-split-florida-2026/,STRIP,,/hvac/cost-to-install-mini-split-in-florida-2026/,0.67,0.87,0.67,weak match (topic=0.67 slug=0.87 anchor=0.67); no confident remap
hvac/cost-to-replace-ac-in-florida-2026.md,172,Cost to Replace HVAC System in Tampa 2026,/hvac/cost-to-replace-hvac-system-tampa-2026/,REWRITE,/hvac/cost-to-replace-hvac-system-in-tampa-2026/,/hvac/cost-to-replace-hvac-system-in-tampa-2026/,1.00,0.96,1.00,topic=1.00 slug=0.96 anchor=1.00
hvac/cost-to-replace-ac-in-florida-2026.md,173,Cost to Install Heat Pump in Florida 2026,/hvac/cost-to-install-heat-pump-florida-2026/,STRIP,,/plumbing/cost-to-install-sump-pump-in-florida-2026/,0.33,0.86,0.33,weak match (topic=0.33 slug=0.86 anchor=0.33); no confident remap
hvac/cost-to-replace-ac-in-fort-lauderdale-2026.md,169,Cost to Install Ductwork in Fort Lauderdale,/hvac/cost-to-install-ductwork-fort-lauderdale-2026/,STRIP,,/hvac/cost-to-replace-ductwork-in-fort-lauderdale-2026/,1.00,0.84,1.00,weak match (topic=1.00 slug=0.84 anchor=1.00); no confident remap
hvac/cost-to-replace-ac-in-fort-lauderdale-2026.md,170,Cost to Install Heat Pump in Florida,/hvac/cost-to-install-heat-pump-florida-2026/,STRIP,,/plumbing/cost-to-install-sump-pump-in-florida-2026/,0.33,0.86,0.33,weak match (topic=0.33 slug=0.86 anchor=0.33); no confident remap
hvac/cost-to-replace-ac-in-fort-lauderdale-2026.md,171,Cost to Replace Air Handler Fort Lauderdale,/hvac/cost-to-replace-air-handler-fort-lauderdale-2026/,STRIP,,/hvac/cost-to-clean-air-ducts-in-fort-lauderdale-2026/,0.33,0.78,0.33,weak match (topic=0.33 slug=0.78 anchor=0.33); no confident remap
hvac/cost-to-replace-ac-in-jacksonville-2026.md,165,Cost to Replace Furnace in Jacksonville,/hvac/cost-to-replace-furnace-jacksonville-2026/,STRIP,,,0.00,0.00,0.00,no topic overlap with any whitelist candidate
hvac/cost-to-replace-ac-in-jacksonville-2026.md,166,Cost to Install Ductwork in Jacksonville,/hvac/cost-to-install-ductwork-jacksonville-2026/,STRIP,,/hvac/cost-to-replace-ductwork-in-miami-2026/,1.00,0.65,1.00,weak match (topic=1.00 slug=0.65 anchor=1.00); no confident remap
hvac/cost-to-replace-ac-in-jacksonville-2026.md,167,Cost to Replace AC in Miami,/hvac/cost-to-replace-ac-miami-2026/,REWRITE,/hvac/cost-to-replace-ac-in-miami-2026/,/hvac/cost-to-replace-ac-in-miami-2026/,1.00,0.95,1.00,topic=1.00 slug=0.95 anchor=1.00
hvac/cost-to-replace-ac-in-miami-2026.md,165,Cost to Install Heat Pump in Florida 2026,/hvac/cost-to-install-heat-pump-florida-2026/,STRIP,,/plumbing/cost-to-install-sump-pump-in-florida-2026/,0.33,0.86,0.33,weak match (topic=0.33 slug=0.86 anchor=0.33); no confident remap
hvac/cost-to-replace-ac-in-miami-2026.md,166,Cost to Repair Air Conditioner Miami 2026,/hvac/cost-to-repair-air-conditioner-miami-2026/,STRIP,,/hvac/cost-to-clean-air-ducts-in-miami-2026/,0.33,0.72,0.33,weak match (topic=0.33 slug=0.72 anchor=0.33); no confident remap
hvac/cost-to-replace-ac-in-miami-2026.md,167,Cost to Install Ductless Mini-Split Florida 2026,/hvac/cost-to-install-ductless-mini-split-florida-2026/,STRIP,,/hvac/cost-to-install-mini-split-in-florida-2026/,0.67,0.87,0.67,weak match (topic=0.67 slug=0.87 anchor=0.67); no confident remap
hvac/cost-to-replace-ac-in-pembroke-pines-2026.md,171,Cost to Install Heat Pump in Florida 2026,/hvac/cost-to-install-heat-pump-florida-2026/,STRIP,,/plumbing/cost-to-install-sump-pump-in-florida-2026/,0.33,0.86,0.33,weak match (topic=0.33 slug=0.86 anchor=0.33); no confident remap
hvac/cost-to-replace-ac-in-pembroke-pines-2026.md,172,Cost to Install Ductless Mini Split in Florida 2026,/hvac/cost-to-install-ductless-mini-split-florida-2026/,STRIP,,/hvac/cost-to-install-mini-split-in-florida-2026/,0.67,0.87,0.67,weak match (topic=0.67 slug=0.87 anchor=0.67); no confident remap
hvac/cost-to-replace-ac-in-st.-petersburg-2026.md,169,Cost to Install Heat Pump in St. Petersburg,/hvac/cost-to-install-heat-pump-in-st-petersburg-2026/,STRIP,,/plumbing/cost-to-install-sump-pump-in-fort-lauderdale-2026/,0.33,0.71,0.33,weak match (topic=0.33 slug=0.71 anchor=0.33); no confident remap
hvac/cost-to-replace-ac-in-st.-petersburg-2026.md,170,Cost to Install Ductwork in St. Petersburg,/hvac/cost-to-install-ductwork-in-st-petersburg-2026/,STRIP,,/hvac/cost-to-replace-ductwork-in-fort-lauderdale-2026/,1.00,0.66,1.00,weak match (topic=1.00 slug=0.66 anchor=1.00); no confident remap
hvac/cost-to-replace-ac-in-st.-petersburg-2026.md,171,Cost to Replace Roof in St. Petersburg,/roofing/cost-to-replace-roof-in-st-petersburg-2026/,STRIP,,/roofing/cost-to-replace-roof-in-tampa-2026/,1.00,0.82,1.00,weak match (topic=1.00 slug=0.82 anchor=1.00); no confident remap
hvac/cost-to-replace-ac-in-tampa-2026.md,169,Cost to Install Heat Pump in Tampa 2026,/hvac/cost-to-install-heat-pump-in-tampa-2026/,STRIP,,/plumbing/cost-to-install-sump-pump-in-miami-2026/,0.33,0.82,0.33,weak match (topic=0.33 slug=0.82 anchor=0.33); no confident remap
hvac/cost-to-replace-ac-in-tampa-2026.md,170,Cost to Repair AC Unit Tampa 2026,/hvac/cost-to-repair-ac-unit-tampa-2026/,STRIP,,/hvac/cost-to-replace-ac-in-tampa-2026/,0.50,0.86,0.50,weak match (topic=0.50 slug=0.86 anchor=0.50); no confident remap
hvac/cost-to-replace-ac-in-tampa-2026.md,171,Cost to Install Air Ducts in Tampa 2026,/hvac/cost-to-install-air-ducts-in-tampa-2026/,REWRITE,/hvac/cost-to-clean-air-ducts-in-tampa-2026/,/hvac/cost-to-clean-air-ducts-in-tampa-2026/,1.00,0.87,1.00,topic=1.00 slug=0.87 anchor=1.00
hvac/cost-to-replace-ac-in-weston-2026.md,165,Cost to Install Central Air in Florida 2026,/hvac/cost-to-install-central-air-florida-2026/,STRIP,,/hvac/cost-to-clean-air-ducts-in-florida-2026/,0.33,0.66,0.33,weak match (topic=0.33 slug=0.66 anchor=0.33); no confident remap
hvac/cost-to-replace-ac-in-weston-2026.md,166,Cost to Replace HVAC in Miami 2026,/hvac/cost-to-replace-hvac-miami-2026/,STRIP,,/hvac/,1.00,0.23,1.00,weak match (topic=1.00 slug=0.23 anchor=1.00); no confident remap
hvac/cost-to-replace-ac-in-weston-2026.md,167,Cost to Upgrade HVAC Efficiency in Florida 2026,/hvac/cost-to-upgrade-hvac-efficiency-florida-2026/,STRIP,,/hvac/cost-to-replace-hvac-system-orlando-2026/,0.33,0.64,0.33,weak match (topic=0.33 slug=0.64 anchor=0.33); no confident remap
hvac/cost-to-replace-ductwork-in-florida-2026.md,178,Cost to Install HVAC System in Florida 2026,/hvac/cost-to-install-hvac-system-in-florida-2026/,STRIP,,/hvac/cost-to-replace-hvac-system-in-miami-2026/,1.00,0.76,1.00,weak match (topic=1.00 slug=0.76 anchor=1.00); no confident remap
hvac/cost-to-replace-ductwork-in-florida-2026.md,179,Cost to Replace AC Unit in Florida 2026,/hvac/cost-to-replace-ac-unit-in-florida-2026/,STRIP,/hvac/cost-to-replace-ac-in-florida-2026/,/hvac/cost-to-replace-ac-in-florida-2026/,0.50,0.93,0.50,BULK_STRIP from FLAG: slug nearly-identical 0.93; anchor=0.50 (likely city/year/word mismatch — review)
hvac/cost-to-replace-ductwork-in-florida-2026.md,180,Cost to Insulate Attic in Florida 2026,/energy-efficiency/cost-to-insulate-attic-in-florida-2026/,STRIP,,,0.00,0.00,0.00,fake section /energy-efficiency/
hvac/cost-to-replace-ductwork-in-fort-lauderdale-2026.md,165,Cost to Install HVAC in Fort Lauderdale,/hvac/cost-to-install-hvac-fort-lauderdale-2026/,STRIP,,/hvac/,1.00,0.18,1.00,weak match (topic=1.00 slug=0.18 anchor=1.00); no confident remap
hvac/cost-to-replace-ductwork-in-fort-lauderdale-2026.md,166,Cost to Replace Air Conditioner Fort Lauderdale,/hvac/cost-to-replace-ac-fort-lauderdale-2026/,STRIP,/hvac/cost-to-replace-ac-in-fort-lauderdale-2026/,/hvac/cost-to-replace-ac-in-fort-lauderdale-2026/,1.00,0.96,0.00,BULK_STRIP from FLAG: slug nearly-identical 0.96; anchor=0.00 (likely city/year/word mismatch — review)
hvac/cost-to-replace-ductwork-in-fort-lauderdale-2026.md,167,Energy Efficiency Rebates Florida,/energy/cost-to-get-florida-energy-rebates-2026/,STRIP,,,0.00,0.00,0.00,fake section /energy/
hvac/cost-to-replace-ductwork-in-miami-2026.md,171,Cost to Replace Air Conditioner in Miami 2026,/hvac/cost-to-replace-air-conditioner-in-miami-2026/,STRIP,,/hvac/cost-to-clean-air-ducts-in-miami-2026/,0.33,0.76,0.33,weak match (topic=0.33 slug=0.76 anchor=0.33); no confident remap
hvac/cost-to-replace-ductwork-in-miami-2026.md,172,Cost to Install Ductless Mini-Split in Miami,/hvac/cost-to-install-ductless-mini-split-in-miami-2026/,STRIP,,/hvac/cost-to-install-mini-split-in-miami-2026/,0.67,0.90,0.67,weak match (topic=0.67 slug=0.90 anchor=0.67); no confident remap
hvac/cost-to-replace-hvac-system-in-miami-2026.md,171,Cost to Install Central Air in Miami 2026,/hvac/cost-to-install-central-air-miami-2026/,STRIP,,/hvac/cost-to-clean-air-ducts-in-miami-2026/,0.33,0.64,0.33,weak match (topic=0.33 slug=0.64 anchor=0.33); no confident remap
hvac/cost-to-replace-hvac-system-in-miami-2026.md,172,HVAC Repair Costs in Miami 2026,/hvac/cost-to-repair-hvac-miami-2026/,STRIP,,/hvac/,1.00,0.24,0.33,weak match (topic=1.00 slug=0.24 anchor=0.33); no confident remap
hvac/cost-to-replace-hvac-system-in-miami-2026.md,173,Cost to Install Heat Pump in Miami 2026,/hvac/cost-to-install-heat-pump-miami-2026/,STRIP,,/plumbing/cost-to-install-sump-pump-in-miami-2026/,0.33,0.85,0.33,weak match (topic=0.33 slug=0.85 anchor=0.33); no confident remap
hvac/cost-to-replace-hvac-system-in-tampa-2026.md,167,Cost to Install Heat Pump in Tampa 2026,/hvac/cost-to-install-heat-pump-tampa-2026/,STRIP,,/plumbing/cost-to-install-sump-pump-in-miami-2026/,0.33,0.77,0.33,weak match (topic=0.33 slug=0.77 anchor=0.33); no confident remap
hvac/cost-to-replace-hvac-system-in-tampa-2026.md,168,Cost to Replace AC Compressor in Tampa 2026,/hvac/cost-to-replace-ac-compressor-tampa-2026/,REWRITE,/hvac/cost-to-replace-ac-compressor-in-tampa-2026/,/hvac/cost-to-replace-ac-compressor-in-tampa-2026/,1.00,0.96,1.00,topic=1.00 slug=0.96 anchor=1.00
hvac/cost-to-replace-hvac-system-in-tampa-2026.md,169,Cost to Install Ductwork in Tampa 2026,/hvac/cost-to-install-ductwork-tampa-2026/,STRIP,,/hvac/cost-to-replace-ductwork-in-miami-2026/,1.00,0.71,1.00,weak match (topic=1.00 slug=0.71 anchor=1.00); no confident remap
hvac/cost-to-replace-hvac-system-orlando-2026.md,192,Cost to Install Hurricane Shutters in Orlando 2026,/cost-to-install-hurricane-shutters-orlando-2026,REWRITE,/hurricane-protection/cost-to-install-hurricane-shutters-in-orlando-2026/,/hurricane-protection/cost-to-install-hurricane-shutters-in-orlando-2026/,1.00,0.97,1.00,topic=1.00 slug=0.97 anchor=1.00
hvac/cost-to-replace-hvac-system-orlando-2026.md,193,Duct Cleaning Costs in Orlando 2026,/duct-cleaning-costs-orlando-2026,STRIP,,/hvac/cost-of-duct-cleaning-in-fort-lauderdale-2026/,0.67,0.65,0.67,weak match (topic=0.67 slug=0.65 anchor=0.67); no confident remap
interior/cost-to-convert-garage-in-florida-2026.md,173,Cost to Add a Bathroom in Florida 2026,/interior/cost-to-add-bathroom-florida-2026/,STRIP,,/interior/cost-to-remodel-bathroom-in-florida-2026/,1.00,0.85,1.00,weak match (topic=1.00 slug=0.85 anchor=1.00); no confident remap
interior/cost-to-convert-garage-in-florida-2026.md,174,Cost to Remodel Kitchen in Florida 2026,/interior/cost-to-remodel-kitchen-florida-2026/,REWRITE,/interior/cost-to-remodel-kitchen-in-florida-2026/,/interior/cost-to-remodel-kitchen-in-florida-2026/,1.00,0.96,1.00,topic=1.00 slug=0.96 anchor=1.00
interior/cost-to-convert-garage-in-florida-2026.md,175,Cost to Add Square Footage to Home Florida 2026,/renovation/cost-to-add-square-footage-florida-2026/,STRIP,,,0.00,0.00,0.00,fake section /renovation/
interior/cost-to-convert-garage-in-fort-lauderdale-2026.md,169,Cost to Add Square Footage in Florida,/interior/cost-to-add-square-footage-in-florida-2026/,STRIP,,,0.00,0.00,0.00,no topic overlap with any whitelist candidate
interior/cost-to-convert-garage-in-fort-lauderdale-2026.md,170,Cost to Install HVAC in Fort Lauderdale,/hvac/cost-to-install-hvac-in-fort-lauderdale-2026/,STRIP,,/hvac/,1.00,0.17,1.00,weak match (topic=1.00 slug=0.17 anchor=1.00); no confident remap
interior/cost-to-convert-garage-in-fort-lauderdale-2026.md,171,Cost to Replace Roof in Fort Lauderdale,/roofing/cost-to-replace-roof-fort-lauderdale-2026/,REWRITE,/general/cost-to-replace-roof-fort-lauderdale-2026/,/general/cost-to-replace-roof-fort-lauderdale-2026/,1.00,1.00,1.00,topic=1.00 slug=1.00 anchor=1.00
interior/cost-to-convert-garage-in-miami-2026.md,169,Cost to Add Room Addition in Miami,/interior/cost-to-add-room-miami-2026/,STRIP,,,0.00,0.00,0.00,no topic overlap with any whitelist candidate
interior/cost-to-convert-garage-in-miami-2026.md,171,Cost to Renovate Kitchen Miami 2026,/interior/cost-to-renovate-kitchen-miami-2026/,STRIP,,/interior/cost-to-remodel-kitchen-in-miami-2026/,0.50,0.86,0.50,weak match (topic=0.50 slug=0.86 anchor=0.50); no confident remap
interior/cost-to-install-custom-closet-in-florida-2026.md,171,Cost to Install Kitchen Cabinets in Florida,/interior/cost-to-install-kitchen-cabinets-in-florida-2026/,REWRITE,/interior/cost-to-replace-kitchen-cabinets-in-florida-2026/,/interior/cost-to-replace-kitchen-cabinets-in-florida-2026/,1.00,0.88,1.00,topic=1.00 slug=0.88 anchor=1.00
interior/cost-to-install-custom-closet-in-florida-2026.md,172,Cost to Install Home Office Florida,/interior/cost-to-install-home-office-florida-2026/,STRIP,,/electrical/cost-to-install-home-generators-miami-2026/,0.33,0.76,0.33,weak match (topic=0.33 slug=0.76 anchor=0.33); no confident remap
interior/cost-to-install-custom-closet-in-florida-2026.md,173,Cost to Install Hardwood Floors in Florida,/flooring/cost-to-install-hardwood-floors-in-florida-2026/,STRIP,,/interior/cost-to-install-hardwood-floors-miami-2026/,1.00,0.88,1.00,fake section /flooring/
interior/cost-to-install-custom-closet-in-fort-lauderdale-2026.md,169,Cost to Install Kitchen Cabinets Florida 2026,/interior/cost-to-install-kitchen-cabinets-florida-2026/,STRIP,,/interior/cost-to-replace-kitchen-cabinets-in-florida-2026/,1.00,0.84,1.00,weak match (topic=1.00 slug=0.84 anchor=1.00); no confident remap
interior/cost-to-install-custom-closet-in-fort-lauderdale-2026.md,170,Cost to Install Bathroom Vanity Fort Lauderdale 2026,/interior/cost-to-install-bathroom-vanity-fort-lauderdale-2026/,STRIP,,/interior/cost-to-remodel-bathroom-in-fort-lauderdale-2026/,0.50,0.82,0.50,weak match (topic=0.50 slug=0.82 anchor=0.50); no confident remap
interior/cost-to-install-custom-closet-in-fort-lauderdale-2026.md,171,Cost to Build In Shelving Miami 2026,/interior/cost-to-build-in-shelving-miami-2026/,STRIP,,,0.00,0.00,0.00,no topic overlap with any whitelist candidate
interior/cost-to-install-granite-countertops-in-florida-2026.md,175,Cost to Install Kitchen Cabinets in Florida 2026,/interior/cost-to-install-cabinets-florida-2026/,STRIP,,/interior/cost-to-replace-kitchen-cabinets-in-florida-2026/,0.50,0.75,1.00,weak match (topic=0.50 slug=0.75 anchor=1.00); no confident remap
interior/cost-to-install-granite-countertops-in-florida-2026.md,176,Cost to Install Kitchen Tile Backsplash Florida 2026,/interior/cost-to-install-kitchen-tile-backsplash-florida-2026/,STRIP,,/interior/cost-to-remodel-kitchen-in-florida-2026/,0.33,0.70,0.33,weak match (topic=0.33 slug=0.70 anchor=0.33); no confident remap
interior/cost-to-install-granite-countertops-in-florida-2026.md,177,Cost to Refinish Kitchen Cabinets Florida 2026,/interior/cost-to-refinish-cabinets-florida-2026/,STRIP,,/interior/cost-to-replace-kitchen-cabinets-in-florida-2026/,0.50,0.79,1.00,weak match (topic=0.50 slug=0.79 anchor=1.00); no confident remap
interior/cost-to-install-granite-countertops-in-fort-lauderdale-2026.md,175,Cost to Install Quartz Countertops in Fort Lauderdale 2026,/interior/cost-to-install-quartz-countertops-fort-lauderdale-2026/,REWRITE,/interior/cost-to-install-quartz-countertops-in-fort-lauderdale-2026/,/interior/cost-to-install-quartz-countertops-in-fort-lauderdale-2026/,1.00,0.97,1.00,topic=1.00 slug=0.97 anchor=1.00
interior/cost-to-install-granite-countertops-in-fort-lauderdale-2026.md,176,Cost to Install Kitchen Backsplash in Fort Lauderdale 2026,/interior/cost-to-install-kitchen-backsplash-fort-lauderdale-2026/,STRIP,,/interior/cost-to-remodel-kitchen-in-fort-lauderdale-2026/,0.50,0.76,0.50,weak match (topic=0.50 slug=0.76 anchor=0.50); no confident remap
interior/cost-to-install-granite-countertops-in-fort-lauderdale-2026.md,177,Cost to Fix Water Damage in Fort Lauderdale 2026,/home-maintenance/cost-to-fix-water-damage-fort-lauderdale-2026/,STRIP,,/plumbing/cost-to-replace-water-heater-in-fort-lauderdale-2026/,0.33,0.78,0.33,fake section /home-maintenance/
interior/cost-to-install-granite-countertops-in-miami-2026.md,175,Cost to Install Kitchen Cabinets in Miami 2026,/interior/cost-to-install-kitchen-cabinets-miami-2026/,STRIP,,/interior/cost-to-replace-kitchen-cabinets-in-miami-2026/,1.00,0.83,1.00,weak match (topic=1.00 slug=0.83 anchor=1.00); no confident remap
interior/cost-to-install-granite-countertops-in-miami-2026.md,176,Cost to Install Tile Flooring in Miami 2026,/interior/cost-to-install-tile-flooring-miami-2026/,REWRITE,/interior/cost-to-install-tile-flooring-in-miami-2026/,/interior/cost-to-install-tile-flooring-in-miami-2026/,1.00,0.96,1.00,topic=1.00 slug=0.96 anchor=1.00
interior/cost-to-install-granite-countertops-in-miami-2026.md,177,Cost to Remodel Bathroom in Miami 2026,/interior/cost-to-remodel-bathroom-miami-2026/,REWRITE,/interior/cost-to-remodel-bathroom-in-miami-2026/,/interior/cost-to-remodel-bathroom-in-miami-2026/,1.00,0.96,1.00,topic=1.00 slug=0.96 anchor=1.00
interior/cost-to-install-quartz-countertops-in-florida-2026.md,177,Cost to Install Kitchen Cabinets in Florida 2026,/interior/cost-to-install-kitchen-cabinets-florida-2026/,STRIP,,/interior/cost-to-replace-kitchen-cabinets-in-florida-2026/,1.00,0.84,1.00,weak match (topic=1.00 slug=0.84 anchor=1.00); no confident remap
interior/cost-to-install-quartz-countertops-in-florida-2026.md,178,Cost to Install Glass Backsplash in Florida 2026,/interior/cost-to-install-glass-backsplash-florida-2026/,STRIP,,,0.00,0.00,0.00,no topic overlap with any whitelist candidate
interior/cost-to-install-quartz-countertops-in-florida-2026.md,179,Cost to Replace Kitchen Sink in Florida 2026,/interior/cost-to-replace-kitchen-sink-florida-2026/,STRIP,,/interior/cost-to-remodel-kitchen-in-florida-2026/,0.50,0.88,0.50,weak match (topic=0.50 slug=0.88 anchor=0.50); no confident remap
interior/cost-to-install-quartz-countertops-in-fort-lauderdale-2026.md,171,Cost to Install Cabinets in Fort Lauderdale,/interior/cost-to-install-cabinets-fort-lauderdale-2026/,STRIP,,/interior/cost-to-replace-kitchen-cabinets-in-fort-lauderdale-2026/,0.50,0.79,0.50,weak match (topic=0.50 slug=0.79 anchor=0.50); no confident remap
interior/cost-to-install-quartz-countertops-in-fort-lauderdale-2026.md,172,Cost to Remodel Kitchen in Fort Lauderdale,/kitchen/cost-to-remodel-kitchen-fort-lauderdale-2026/,STRIP,,/interior/cost-to-remodel-kitchen-in-fort-lauderdale-2026/,1.00,0.97,1.00,fake section /kitchen/
interior/cost-to-install-quartz-countertops-in-fort-lauderdale-2026.md,173,Cost to Install Granite Countertops in Fort Lauderdale,/interior/cost-to-install-granite-countertops-fort-lauderdale-2026/,REWRITE,/interior/cost-to-install-granite-countertops-in-fort-lauderdale-2026/,/interior/cost-to-install-granite-countertops-in-fort-lauderdale-2026/,1.00,0.97,1.00,topic=1.00 slug=0.97 anchor=1.00
interior/cost-to-install-quartz-countertops-in-miami-2026.md,173,Cost to Remodel Kitchen in Miami 2026,/kitchen/cost-to-remodel-kitchen-miami-2026/,STRIP,,/interior/cost-to-remodel-kitchen-in-miami-2026/,1.00,0.96,1.00,fake section /kitchen/
interior/cost-to-install-quartz-countertops-in-miami-2026.md,174,Cost to Install Kitchen Sink in Miami 2026,/plumbing/cost-to-install-kitchen-sink-miami-2026/,STRIP,,/interior/cost-to-remodel-kitchen-in-miami-2026/,0.50,0.82,0.50,weak match (topic=0.50 slug=0.82 anchor=0.50); no confident remap
interior/cost-to-install-quartz-countertops-in-miami-2026.md,175,Cost to Refinish Cabinets in Miami 2026,/interior/cost-to-refinish-cabinets-miami-2026/,STRIP,,/interior/cost-to-replace-kitchen-cabinets-in-miami-2026/,0.50,0.78,0.50,weak match (topic=0.50 slug=0.78 anchor=0.50); no confident remap
interior/cost-to-install-tile-flooring-in-florida-2026.md,163,Cost to Install Laminate Flooring in Florida 2026,/interior/cost-to-install-laminate-flooring-florida-2026/,STRIP,,/interior/cost-to-install-tile-flooring-in-florida-2026/,0.50,0.88,0.50,weak match (topic=0.50 slug=0.88 anchor=0.50); no confident remap
interior/cost-to-install-tile-flooring-in-florida-2026.md,164,Cost to Install Hardwood Flooring in Florida 2026,/interior/cost-to-install-hardwood-flooring-florida-2026/,STRIP,,/interior/cost-to-install-tile-flooring-in-florida-2026/,0.50,0.84,0.50,weak match (topic=0.50 slug=0.84 anchor=0.50); no confident remap
interior/cost-to-install-tile-flooring-in-florida-2026.md,165,Cost to Remove Carpet in Florida 2026,/interior/cost-to-remove-carpet-florida-2026/,STRIP,,,0.00,0.00,0.00,no topic overlap with any whitelist candidate
interior/cost-to-install-tile-flooring-in-fort-lauderdale-2026.md,171,Cost to Install Hardwood Floors in Fort Lauderdale,/interior/cost-to-install-hardwood-floors-fort-lauderdale-2026/,STRIP,,/interior/cost-to-install-hardwood-floors-miami-2026/,1.00,0.81,1.00,weak match (topic=1.00 slug=0.81 anchor=1.00); no confident remap
interior/cost-to-install-tile-flooring-in-fort-lauderdale-2026.md,172,Cost to Install Vinyl Plank Floors in Fort Lauderdale,/interior/cost-to-install-vinyl-plank-floors-fort-lauderdale-2026/,STRIP,/interior/cost-to-install-vinyl-plank-flooring-in-fort-lauderdale-2026/,/interior/cost-to-install-vinyl-plank-flooring-in-fort-lauderdale-2026/,0.50,0.94,0.50,BULK_STRIP from FLAG: slug nearly-identical 0.94; anchor=0.50 (likely city/year/word mismatch — review)
interior/cost-to-install-tile-flooring-in-fort-lauderdale-2026.md,173,Cost to Refinish Hardwood Floors in Fort Lauderdale,/interior/cost-to-refinish-hardwood-floors-fort-lauderdale-2026/,STRIP,,/interior/cost-to-install-hardwood-floors-miami-2026/,1.00,0.72,1.00,weak match (topic=1.00 slug=0.72 anchor=1.00); no confident remap
interior/cost-to-install-tile-flooring-in-miami-2026.md,171,Cost to Install Hardwood Flooring in Miami,/interior/cost-to-install-hardwood-in-miami-2026/,STRIP,,/interior/cost-to-install-hardwood-floors-miami-2026/,0.50,0.90,0.33,weak match (topic=0.50 slug=0.90 anchor=0.33); no confident remap
interior/cost-to-install-tile-flooring-in-miami-2026.md,172,Cost to Refinish Floors in Miami 2026,/interior/cost-to-refinish-floors-miami-2026/,STRIP,,/interior/cost-to-install-hardwood-floors-miami-2026/,0.50,0.79,0.50,weak match (topic=0.50 slug=0.79 anchor=0.50); no confident remap
interior/cost-to-install-tile-flooring-in-miami-2026.md,173,Cost to Install Impact Windows in Miami,/hurricane-protection/cost-to-install-impact-windows-miami-2026/,STRIP,/hurricane-protection/cost-to-install-impact-windows-tampa-2026/,/hurricane-protection/cost-to-install-impact-windows-tampa-2026/,1.00,0.93,1.00,BULK_STRIP from FLAG: topic+slug match but city mismatch: target=miami cand=tampa
interior/cost-to-install-tile-flooring-in-orlando-2026.md,166,Cost to Install Laminate Flooring in Orlando 2026,/interior/cost-to-install-laminate-flooring-orlando-2026/,STRIP,,/interior/cost-to-install-tile-flooring-in-orlando-2026/,0.50,0.88,0.50,weak match (topic=0.50 slug=0.88 anchor=0.50); no confident remap
interior/cost-to-install-tile-flooring-in-orlando-2026.md,167,Cost to Install Vinyl Plank Flooring in Orlando 2026,/interior/cost-to-install-vinyl-plank-flooring-orlando-2026/,REWRITE,/interior/cost-to-install-vinyl-plank-flooring-in-orlando-2026/,/interior/cost-to-install-vinyl-plank-flooring-in-orlando-2026/,1.00,0.97,1.00,topic=1.00 slug=0.97 anchor=1.00
interior/cost-to-install-tile-flooring-in-orlando-2026.md,168,Cost to Refinish Hardwood Floors in Orlando 2026,/interior/cost-to-refinish-hardwood-floors-orlando-2026/,STRIP,,/interior/cost-to-install-hardwood-floors-miami-2026/,1.00,0.78,1.00,weak match (topic=1.00 slug=0.78 anchor=1.00); no confident remap
interior/cost-to-install-tile-flooring-in-tampa-2026.md,170,Cost to Install Hardwood Floors in Tampa 2026,/interior/cost-to-install-hardwood-floors-tampa-2026/,STRIP,/interior/cost-to-install-hardwood-floors-miami-2026/,/interior/cost-to-install-hardwood-floors-miami-2026/,1.00,0.93,1.00,BULK_STRIP from FLAG: topic+slug match but city mismatch: target=tampa cand=miami
interior/cost-to-install-tile-flooring-in-tampa-2026.md,171,Cost to Install Vinyl Plank Flooring Tampa,/interior/cost-to-install-vinyl-plank-tampa-2026/,REWRITE,/interior/cost-to-install-vinyl-plank-flooring-in-tampa-2026/,/interior/cost-to-install-vinyl-plank-flooring-in-tampa-2026/,0.67,0.86,1.00,topic=0.67 slug=0.86 anchor=1.00
interior/cost-to-install-tile-flooring-in-tampa-2026.md,172,Cost to Install Laminate Flooring Tampa,/interior/cost-to-install-laminate-flooring-tampa-2026/,STRIP,,/interior/cost-to-install-tile-flooring-in-tampa-2026/,0.50,0.87,0.50,weak match (topic=0.50 slug=0.87 anchor=0.50); no confident remap
interior/cost-to-install-vinyl-plank-flooring-in-florida-2026.md,187,Cost to Install Tile Flooring in Orlando 2026,/interior/cost-to-install-tile-flooring-orlando-2026/,REWRITE,/interior/cost-to-install-tile-flooring-in-orlando-2026/,/interior/cost-to-install-tile-flooring-in-orlando-2026/,1.00,0.97,1.00,topic=1.00 slug=0.97 anchor=1.00
interior/cost-to-install-vinyl-plank-flooring-in-florida-2026.md,188,Cost to Install Hardwood Flooring Tampa 2026,/interior/cost-to-install-hardwood-flooring-tampa-2026/,STRIP,,/interior/cost-to-install-tile-flooring-in-tampa-2026/,0.50,0.83,0.50,weak match (topic=0.50 slug=0.83 anchor=0.50); no confident remap
interior/cost-to-install-vinyl-plank-flooring-in-florida-2026.md,189,Cost to Replace Roof in Miami,/roofing/cost-to-replace-roof-miami-2026/,REWRITE,/general/cost-to-replace-roof-in-miami-2026/,/general/cost-to-replace-roof-in-miami-2026/,1.00,0.95,1.00,topic=1.00 slug=0.95 anchor=1.00
interior/cost-to-install-vinyl-plank-flooring-in-fort-lauderdale-2026.md,169,Cost to Install Hardwood Floors in Fort Lauderdale,/interior/cost-to-install-hardwood-floors-fort-lauderdale-2026/,STRIP,,/interior/cost-to-install-hardwood-floors-miami-2026/,1.00,0.81,1.00,weak match (topic=1.00 slug=0.81 anchor=1.00); no confident remap
interior/cost-to-install-vinyl-plank-flooring-in-fort-lauderdale-2026.md,170,Cost to Install Tile Floors in Fort Lauderdale,/interior/cost-to-install-tile-floors-fort-lauderdale-2026/,STRIP,,/interior/cost-to-install-hardwood-floors-miami-2026/,0.50,0.67,0.50,weak match (topic=0.50 slug=0.67 anchor=0.50); no confident remap
interior/cost-to-install-vinyl-plank-flooring-in-fort-lauderdale-2026.md,171,Cost to Remodel Kitchen in Fort Lauderdale,/interior/cost-to-remodel-kitchen-fort-lauderdale-2026/,REWRITE,/interior/cost-to-remodel-kitchen-in-fort-lauderdale-2026/,/interior/cost-to-remodel-kitchen-in-fort-lauderdale-2026/,1.00,0.97,1.00,topic=1.00 slug=0.97 anchor=1.00
interior/cost-to-install-vinyl-plank-flooring-in-miami-2026.md,174,Cost to Tile Floors in Miami 2026,/interior/cost-to-tile-floors-miami-2026/,STRIP,,/interior/cost-to-install-hardwood-floors-miami-2026/,0.50,0.78,0.50,weak match (topic=0.50 slug=0.78 anchor=0.50); no confident remap
interior/cost-to-install-vinyl-plank-flooring-in-orlando-2026.md,169,Cost to Install Hardwood Floors in Orlando 2026,/interior/cost-to-install-hardwood-floors-orlando-2026/,STRIP,/interior/cost-to-install-hardwood-floors-miami-2026/,/interior/cost-to-install-hardwood-floors-miami-2026/,1.00,0.88,1.00,BULK_STRIP from FLAG: topic+slug match but city mismatch: target=orlando cand=miami
interior/cost-to-install-vinyl-plank-flooring-in-orlando-2026.md,170,Cost to Remove Carpet in Orlando 2026,/interior/cost-to-remove-carpet-orlando-2026/,STRIP,,,0.00,0.00,0.00,no topic overlap with any whitelist candidate
interior/cost-to-install-vinyl-plank-flooring-in-tampa-2026.md,192,Cost to Replace Laminate Flooring in Tampa 2026,/interior/cost-to-replace-laminate-flooring-tampa-2026/,STRIP,,/interior/cost-to-install-tile-flooring-in-tampa-2026/,0.50,0.76,0.50,weak match (topic=0.50 slug=0.76 anchor=0.50); no confident remap
interior/cost-to-install-vinyl-plank-flooring-in-tampa-2026.md,194,Cost to Remove Carpet in Tampa 2026,/interior/cost-to-remove-carpet-tampa-2026/,STRIP,,,0.00,0.00,0.00,no topic overlap with any whitelist candidate
interior/cost-to-paint-interior-of-house-in-florida-2026.md,172,Cost to Stain Deck in Florida 2026,/exterior/cost-to-stain-deck-florida-2026/,STRIP,,/pool/cost-to-resurface-pool-deck-in-florida-2026/,0.33,0.76,0.33,weak match (topic=0.33 slug=0.76 anchor=0.33); no confident remap
interior/cost-to-paint-interior-of-house-in-miami-2026.md,175,Cost to Paint Exterior of House in Miami 2026,/interior/cost-to-paint-exterior-house-miami-2026/,STRIP,,/exterior/cost-to-paint-house-exterior-in-miami-2026/,1.00,0.84,1.00,weak match (topic=1.00 slug=0.84 anchor=1.00); no confident remap
interior/cost-to-paint-interior-of-house-in-miami-2026.md,176,Cost to Replace Drywall in Miami 2026,/interior/cost-to-replace-drywall-miami-2026/,REWRITE,/interior/cost-to-repair-drywall-in-miami-2026/,/interior/cost-to-repair-drywall-in-miami-2026/,1.00,0.89,1.00,topic=1.00 slug=0.89 anchor=1.00
interior/cost-to-paint-interior-of-house-in-miami-2026.md,177,Cost to Refinish Cabinets in Miami 2026,/interior/cost-to-refinish-cabinets-miami-2026/,STRIP,,/interior/cost-to-replace-kitchen-cabinets-in-miami-2026/,0.50,0.78,0.50,weak match (topic=0.50 slug=0.78 anchor=0.50); no confident remap
interior/cost-to-paint-interior-of-house-in-tampa-2026.md,169,Cost to Install Hardwood Floor in Tampa 2026,/interior/cost-to-install-hardwood-floor-tampa-2026/,STRIP,,/interior/cost-to-install-hardwood-floors-miami-2026/,0.33,0.92,0.33,weak match (topic=0.33 slug=0.92 anchor=0.33); no confident remap
interior/cost-to-paint-interior-of-house-in-tampa-2026.md,170,Cost to Install Crown Molding Tampa 2026,/interior/cost-to-install-crown-molding-tampa-2026/,STRIP,,,0.00,0.00,0.00,no topic overlap with any whitelist candidate
interior/cost-to-paint-interior-of-house-in-tampa-2026.md,171,Cost to Install Baseboards Tampa 2026,/interior/cost-to-install-baseboards-tampa-2026/,STRIP,,,0.00,0.00,0.00,no topic overlap with any whitelist candidate
interior/cost-to-remodel-bathroom-in-florida-2026.md,171,Cost to Remodel Kitchen Cabinets in Florida 2026,/interior/cost-to-replace-kitchen-cabinets-florida-2026/,REWRITE,/interior/cost-to-replace-kitchen-cabinets-in-florida-2026/,/interior/cost-to-replace-kitchen-cabinets-in-florida-2026/,1.00,0.97,1.00,topic=1.00 slug=0.97 anchor=1.00
interior/cost-to-remodel-bathroom-in-florida-2026.md,172,Cost to Install Tile Flooring in Florida 2026,/interior/cost-to-install-tile-flooring-florida-2026/,REWRITE,/interior/cost-to-install-tile-flooring-in-florida-2026/,/interior/cost-to-install-tile-flooring-in-florida-2026/,1.00,0.97,1.00,topic=1.00 slug=0.97 anchor=1.00
interior/cost-to-remodel-bathroom-in-florida-2026.md,173,Cost to Remodel Master Bedroom in Florida 2026,/interior/cost-to-remodel-master-bedroom-florida-2026/,STRIP,,,0.00,0.00,0.00,no topic overlap with any whitelist candidate
interior/cost-to-remodel-bathroom-in-fort-lauderdale-2026.md,169,Cost to Remodel Kitchen in Fort Lauderdale 2026,/interior/cost-to-kitchen-remodel-fort-lauderdale-2026/,STRIP,,/interior/cost-to-remodel-kitchen-in-fort-lauderdale-2026/,0.50,0.81,1.00,weak match (topic=0.50 slug=0.81 anchor=1.00); no confident remap
interior/cost-to-remodel-bathroom-in-fort-lauderdale-2026.md,170,Cost to Replace Flooring in Fort Lauderdale 2026,/interior/cost-to-replace-flooring-fort-lauderdale-2026/,STRIP,,/interior/cost-to-install-tile-flooring-in-fort-lauderdale-2026/,1.00,0.82,1.00,weak match (topic=1.00 slug=0.82 anchor=1.00); no confident remap
interior/cost-to-remodel-bathroom-in-fort-lauderdale-2026.md,171,Cost to Install Cabinets in Fort Lauderdale 2026,/interior/cost-to-install-cabinets-fort-lauderdale-2026/,STRIP,,/interior/cost-to-replace-kitchen-cabinets-in-fort-lauderdale-2026/,0.50,0.79,0.50,weak match (topic=0.50 slug=0.79 anchor=0.50); no confident remap
interior/cost-to-remodel-bathroom-in-orlando-2026.md,167,Cost to Replace HVAC in Orlando,/hvac/cost-to-replace-hvac-orlando-2026/,STRIP,,/hvac/,1.00,0.22,1.00,weak match (topic=1.00 slug=0.22 anchor=1.00); no confident remap
interior/cost-to-remodel-bathroom-in-orlando-2026.md,168,Cost to Replace Kitchen Cabinets Orlando,/interior/cost-to-replace-kitchen-cabinets-orlando-2026/,STRIP,/interior/cost-to-replace-kitchen-cabinets-in-florida-2026/,/interior/cost-to-replace-kitchen-cabinets-in-florida-2026/,1.00,0.88,1.00,BULK_STRIP from FLAG: topic+slug match but city mismatch: target=orlando cand=florida
interior/cost-to-remodel-bathroom-in-orlando-2026.md,169,Cost to Install Impact Windows Orlando,/interior/cost-to-install-impact-windows-orlando-2026/,STRIP,/hurricane-protection/cost-to-install-impact-windows-tampa-2026/,/hurricane-protection/cost-to-install-impact-windows-tampa-2026/,1.00,0.88,1.00,BULK_STRIP from FLAG: topic+slug match but city mismatch: target=orlando cand=tampa
interior/cost-to-remodel-bathroom-in-tampa-2026.md,169,Cost to Install Vanity in Tampa,/interior/cost-to-install-vanity-tampa-2026/,STRIP,,,0.00,0.00,0.00,no topic overlap with any whitelist candidate
interior/cost-to-remodel-bathroom-in-tampa-2026.md,170,Cost to Replace Pipes in Tampa,/plumbing/cost-to-replace-pipes-tampa-2026/,STRIP,,,0.00,0.00,0.00,no topic overlap with any whitelist candidate
interior/cost-to-remodel-kitchen-in-coral-gables-2026.md,172,Cost to Remodel a Kitchen in Tampa 2026,/interior/cost-to-remodel-kitchen-tampa-2026/,REWRITE,/interior/cost-to-remodel-kitchen-in-tampa-2026/,/interior/cost-to-remodel-kitchen-in-tampa-2026/,1.00,0.96,1.00,topic=1.00 slug=0.96 anchor=1.00
interior/cost-to-remodel-kitchen-in-coral-gables-2026.md,173,Cost to Remodel a Bathroom in Miami 2026,/interior/cost-to-remodel-bathroom-miami-2026/,REWRITE,/interior/cost-to-remodel-bathroom-in-miami-2026/,/interior/cost-to-remodel-bathroom-in-miami-2026/,1.00,0.96,1.00,topic=1.00 slug=0.96 anchor=1.00
interior/cost-to-remodel-kitchen-in-coral-gables-2026.md,174,Cost to Get a Building Permit in Miami-Dade 2026,/permits/cost-to-get-a-building-permit-miami-dade-2026/,STRIP,,,0.00,0.00,0.00,fake section /permits/
interior/cost-to-remodel-kitchen-in-miami-2026.md,171,Cost to Replace Windows in Miami 2026,/interior/cost-to-replace-windows-in-miami-2026/,STRIP,,/general/cost-to-replace-windows-fort-lauderdale-2026/,1.00,0.77,1.00,weak match (topic=1.00 slug=0.77 anchor=1.00); no confident remap
interior/cost-to-remodel-kitchen-in-miami-2026.md,172,Cost to Install Impact Doors in Miami,/interior/cost-to-install-impact-doors-in-miami-2026/,REWRITE,/hurricane-protection/cost-to-install-impact-doors-in-miami-2026/,/hurricane-protection/cost-to-install-impact-doors-in-miami-2026/,1.00,1.00,1.00,topic=1.00 slug=1.00 anchor=1.00
interior/cost-to-remodel-kitchen-in-pembroke-pines-2026.md,171,Cost to Install Kitchen Cabinets in Florida 2026,/interior/cost-to-install-kitchen-cabinets-florida-2026/,STRIP,,/interior/cost-to-replace-kitchen-cabinets-in-florida-2026/,1.00,0.84,1.00,weak match (topic=1.00 slug=0.84 anchor=1.00); no confident remap
interior/cost-to-remodel-kitchen-in-pembroke-pines-2026.md,172,Cost to Replace Kitchen Countertops Pembroke Pines,/interior/cost-to-replace-kitchen-countertops-pembroke-pines-2026/,STRIP,,/interior/cost-to-remodel-kitchen-in-pembroke-pines-2026/,0.50,0.81,0.50,weak match (topic=0.50 slug=0.81 anchor=0.50); no confident remap
interior/cost-to-remodel-kitchen-in-pembroke-pines-2026.md,173,Cost to Remodel Bathroom in Broward County 2026,/interior/cost-to-remodel-bathroom-broward-county-2026/,STRIP,,/interior/cost-to-remodel-bathroom-in-florida-2026/,1.00,0.76,1.00,weak match (topic=1.00 slug=0.76 anchor=1.00); no confident remap
interior/cost-to-remodel-kitchen-in-st.-petersburg-2026.md,173,Cost to Remodel Bathroom in St. Petersburg 2026,/interior/cost-to-remodel-bathroom-st-petersburg-2026/,STRIP,,/interior/cost-to-remodel-bathroom-in-tampa-2026/,1.00,0.79,1.00,weak match (topic=1.00 slug=0.79 anchor=1.00); no confident remap
interior/cost-to-remodel-kitchen-in-st.-petersburg-2026.md,174,Cost to Install Cabinets in St. Petersburg 2026,/interior/cost-to-install-cabinets-st-petersburg-2026/,STRIP,,/interior/cost-to-replace-kitchen-cabinets-in-tampa-2026/,0.50,0.61,0.50,weak match (topic=0.50 slug=0.61 anchor=0.50); no confident remap
interior/cost-to-remodel-kitchen-in-st.-petersburg-2026.md,175,Cost to Refinish Cabinets in Tampa 2026,/interior/cost-to-refinish-cabinets-tampa-2026/,STRIP,,/interior/cost-to-replace-kitchen-cabinets-in-tampa-2026/,0.50,0.78,0.50,weak match (topic=0.50 slug=0.78 anchor=0.50); no confident remap
interior/cost-to-remodel-kitchen-in-tampa-2026.md,182,Cost to Install Kitchen Cabinets in Tampa 2026,/interior/cost-to-install-kitchen-cabinets-in-tampa-2026/,REWRITE,/interior/cost-to-replace-kitchen-cabinets-in-tampa-2026/,/interior/cost-to-replace-kitchen-cabinets-in-tampa-2026/,1.00,0.87,1.00,topic=1.00 slug=0.87 anchor=1.00
interior/cost-to-remove-popcorn-ceiling-in-florida-2026.md,172,Cost to Paint Interior Walls in Florida 2026,/interior/cost-to-paint-interior-walls-florida-2026/,STRIP,/interior/cost-to-paint-interior-walls-fort-lauderdale-2026/,/interior/cost-to-paint-interior-walls-fort-lauderdale-2026/,1.00,0.87,1.00,BULK_STRIP from FLAG: topic+slug match but city mismatch: target=florida cand=fort-lauderdale
interior/cost-to-remove-popcorn-ceiling-in-florida-2026.md,173,Cost to Repair Drywall in Florida 2026,/interior/cost-to-repair-drywall-florida-2026/,REWRITE,/interior/cost-to-repair-drywall-in-florida-2026/,/interior/cost-to-repair-drywall-in-florida-2026/,1.00,0.96,1.00,topic=1.00 slug=0.96 anchor=1.00
interior/cost-to-remove-popcorn-ceiling-in-florida-2026.md,174,Cost to Install Recessed Lighting in Florida 2026,/interior/cost-to-install-recessed-lighting-florida-2026/,REWRITE,/electrical/cost-to-install-recessed-lighting-in-florida-2026/,/electrical/cost-to-install-recessed-lighting-in-florida-2026/,1.00,0.97,1.00,topic=1.00 slug=0.97 anchor=1.00
interior/cost-to-remove-popcorn-ceiling-in-fort-lauderdale-2026.md,168,Cost to Install Crown Molding Fort Lauderdale 2026,/interior/cost-to-install-crown-molding-fort-lauderdale-2026/,STRIP,,,0.00,0.00,0.00,no topic overlap with any whitelist candidate
interior/cost-to-remove-popcorn-ceiling-in-fort-lauderdale-2026.md,169,Cost to Remodel Kitchen in Fort Lauderdale 2026,/interior/cost-to-remodel-kitchen-fort-lauderdale-2026/,REWRITE,/interior/cost-to-remodel-kitchen-in-fort-lauderdale-2026/,/interior/cost-to-remodel-kitchen-in-fort-lauderdale-2026/,1.00,0.97,1.00,topic=1.00 slug=0.97 anchor=1.00
interior/cost-to-remove-popcorn-ceiling-in-miami-2026.md,173,Cost to Paint Interior Walls in Miami,/interior/cost-to-paint-interior-walls-miami-2026/,STRIP,,/interior/cost-to-paint-interior-walls-fort-lauderdale-2026/,1.00,0.80,1.00,weak match (topic=1.00 slug=0.80 anchor=1.00); no confident remap
interior/cost-to-remove-popcorn-ceiling-in-miami-2026.md,174,Cost to Install Drywall in Miami,/interior/cost-to-install-drywall-miami-2026/,STRIP,,/interior/cost-to-repair-drywall-in-miami-2026/,1.00,0.80,1.00,weak match (topic=1.00 slug=0.80 anchor=1.00); no confident remap
interior/cost-to-remove-popcorn-ceiling-in-miami-2026.md,175,Cost to Remodel Kitchen Miami,/kitchen/cost-to-remodel-kitchen-miami-2026/,STRIP,,/interior/cost-to-remodel-kitchen-in-miami-2026/,1.00,0.96,1.00,fake section /kitchen/
interior/cost-to-remove-popcorn-ceiling-in-tampa-2026.md,165,Cost to Repaint a Room in Tampa 2026,/interior/cost-to-repaint-room-tampa-2026/,STRIP,,,0.00,0.00,0.00,no topic overlap with any whitelist candidate
interior/cost-to-remove-popcorn-ceiling-in-tampa-2026.md,166,Cost to Install Crown Molding in Tampa 2026,/interior/cost-to-install-crown-molding-tampa-2026/,STRIP,,,0.00,0.00,0.00,no topic overlap with any whitelist candidate
interior/cost-to-remove-popcorn-ceiling-in-tampa-2026.md,167,Cost to Replace Drywall in Tampa 2026,/interior/cost-to-replace-drywall-tampa-2026/,STRIP,,/interior/cost-to-repair-drywall-in-miami-2026/,1.00,0.80,1.00,weak match (topic=1.00 slug=0.80 anchor=1.00); no confident remap
interior/cost-to-repair-drywall-in-florida-2026.md,163,Cost to Paint a Room in Florida 2026,/interior/cost-to-paint-a-room-in-florida-2026/,STRIP,,,0.00,0.00,0.00,no topic overlap with any whitelist candidate
interior/cost-to-repair-drywall-in-florida-2026.md,164,Cost to Install Crown Molding Florida,/interior/cost-to-install-crown-molding-florida-2026/,STRIP,,,0.00,0.00,0.00,no topic overlap with any whitelist candidate
interior/cost-to-repair-drywall-in-florida-2026.md,165,Cost to Replace Flooring in Florida 2026,/interior/cost-to-replace-flooring-in-florida-2026/,STRIP,,/interior/cost-to-install-tile-flooring-in-florida-2026/,1.00,0.82,1.00,weak match (topic=1.00 slug=0.82 anchor=1.00); no confident remap
interior/cost-to-repair-drywall-in-miami-2026.md,165,Cost to Install Impact Windows in Miami,/hurricane-protection/cost-to-install-impact-windows-miami-2026/,STRIP,/hurricane-protection/cost-to-install-impact-windows-tampa-2026/,/hurricane-protection/cost-to-install-impact-windows-tampa-2026/,1.00,0.93,1.00,BULK_STRIP from FLAG: topic+slug match but city mismatch: target=miami cand=tampa
interior/cost-to-repair-drywall-in-miami-2026.md,166,Cost to Paint Walls in Miami 2026,/interior/cost-to-paint-walls-miami-2026/,STRIP,,/interior/cost-to-paint-interior-walls-fort-lauderdale-2026/,0.50,0.66,0.50,weak match (topic=0.50 slug=0.66 anchor=0.50); no confident remap
interior/cost-to-repair-drywall-in-miami-2026.md,167,Cost to Install Hardwood Flooring in Miami,/interior/cost-to-install-hardwood-flooring-miami-2026/,STRIP,,/interior/cost-to-install-tile-flooring-in-miami-2026/,0.50,0.83,0.50,weak match (topic=0.50 slug=0.83 anchor=0.50); no confident remap
interior/cost-to-replace-kitchen-cabinets-in-miami-2026.md,180,Cost to Install Kitchen Countertops in Miami 2026,/interior/cost-to-install-kitchen-countertops-miami-2026/,STRIP,,/interior/cost-to-remodel-kitchen-in-miami-2026/,0.50,0.72,0.50,weak match (topic=0.50 slug=0.72 anchor=0.50); no confident remap
interior/cost-to-replace-kitchen-cabinets-in-miami-2026.md,181,Cost to Remodel a Bathroom in Miami 2026,/interior/cost-to-remodel-bathroom-miami-2026/,REWRITE,/interior/cost-to-remodel-bathroom-in-miami-2026/,/interior/cost-to-remodel-bathroom-in-miami-2026/,1.00,0.96,1.00,topic=1.00 slug=0.96 anchor=1.00
interior/cost-to-replace-kitchen-cabinets-in-miami-2026.md,182,Cost to Install a Kitchen Sink in Miami 2026,/plumbing/cost-to-install-kitchen-sink-miami-2026/,STRIP,,/interior/cost-to-remodel-kitchen-in-miami-2026/,0.50,0.82,0.50,weak match (topic=0.50 slug=0.82 anchor=0.50); no confident remap
interior/cost-to-replace-kitchen-cabinets-in-tampa-2026.md,169,Cost to Install Countertops in Tampa 2026,/interior/cost-to-install-countertops-tampa-2026/,STRIP,,/interior/cost-to-install-quartz-countertops-in-miami-2026/,0.50,0.81,0.50,weak match (topic=0.50 slug=0.81 anchor=0.50); no confident remap
interior/cost-to-replace-kitchen-cabinets-in-tampa-2026.md,170,Cost to Refinish Kitchen Cabinets in Tampa 2026,/interior/cost-to-refinish-kitchen-cabinets-tampa-2026/,STRIP,,/interior/cost-to-replace-kitchen-cabinets-in-tampa-2026/,1.00,0.84,1.00,weak match (topic=1.00 slug=0.84 anchor=1.00); no confident remap
interior/cost-to-replace-kitchen-cabinets-in-tampa-2026.md,171,Cost to Replace Flooring in Tampa 2026,/interior/cost-to-replace-flooring-tampa-2026/,STRIP,,/interior/cost-to-install-tile-flooring-in-tampa-2026/,1.00,0.77,1.00,weak match (topic=1.00 slug=0.77 anchor=1.00); no confident remap
major-systems/cost-of-mold-remediation-in-fort-lauderdale-2026.md,169,Cost to Fix Water Damage in Fort Lauderdale 2026,/major-systems/cost-to-fix-water-damage-fort-lauderdale-2026/,STRIP,,/plumbing/cost-to-replace-water-heater-in-fort-lauderdale-2026/,0.33,0.78,0.33,weak match (topic=0.33 slug=0.78 anchor=0.33); no confident remap
major-systems/cost-of-mold-remediation-in-fort-lauderdale-2026.md,170,Cost to Replace Roof in Fort Lauderdale 2026,/roofing/cost-to-replace-roof-fort-lauderdale-2026/,REWRITE,/general/cost-to-replace-roof-fort-lauderdale-2026/,/general/cost-to-replace-roof-fort-lauderdale-2026/,1.00,1.00,1.00,topic=1.00 slug=1.00 anchor=1.00
major-systems/cost-of-mold-remediation-in-fort-lauderdale-2026.md,171,Cost of Homeowners Insurance in Fort Lauderdale 2026,/insurance/cost-of-homeowners-insurance-fort-lauderdale-2026/,STRIP,,,0.00,0.00,0.00,fake section /insurance/
major-systems/cost-of-mold-remediation-in-miami-2026.md,163,Cost to Fix Water Damage in Miami 2026,/major-systems/cost-to-fix-water-damage-miami-2026/,STRIP,,/plumbing/cost-to-replace-water-heater-in-miami-2026/,0.33,0.73,0.33,weak match (topic=0.33 slug=0.73 anchor=0.33); no confident remap
major-systems/cost-of-mold-remediation-in-miami-2026.md,164,Cost to Replace HVAC in Miami 2026,/major-systems/cost-to-replace-hvac-miami-2026/,STRIP,,/hvac/,1.00,0.23,1.00,weak match (topic=1.00 slug=0.23 anchor=1.00); no confident remap
major-systems/cost-of-mold-remediation-in-miami-2026.md,165,Cost to Install Impact Windows in Miami 2026,/hurricane-protection/cost-to-install-impact-windows-miami-2026/,STRIP,/hurricane-protection/cost-to-install-impact-windows-tampa-2026/,/hurricane-protection/cost-to-install-impact-windows-tampa-2026/,1.00,0.93,1.00,BULK_STRIP from FLAG: topic+slug match but city mismatch: target=miami cand=tampa
major-systems/cost-of-mold-remediation-in-orlando-2026.md,168,Cost to Repair Water Damage in Orlando 2026,/major-systems/cost-to-repair-water-damage-orlando-2026/,STRIP,,/plumbing/cost-to-replace-water-heater-in-orlando-2026/,0.33,0.81,0.33,weak match (topic=0.33 slug=0.81 anchor=0.33); no confident remap
major-systems/cost-of-mold-remediation-in-orlando-2026.md,169,Cost to Install Central Air Conditioning in Orlando 2026,/hvac/cost-to-install-central-air-conditioning-orlando-2026/,STRIP,,/hvac/cost-to-clean-air-ducts-in-florida-2026/,0.25,0.59,0.25,weak match (topic=0.25 slug=0.59 anchor=0.25); no confident remap
major-systems/cost-of-mold-remediation-in-orlando-2026.md,170,Cost to Fix a Leak in Orlando 2026,/plumbing/cost-to-fix-a-leak-orlando-2026/,STRIP,,,0.00,0.00,0.00,no topic overlap with any whitelist candidate
major-systems/cost-of-mold-remediation-in-tampa-2026.md,165,Cost to Replace HVAC in Tampa 2026,/major-systems/cost-to-replace-hvac-in-tampa-2026/,STRIP,,/hvac/,1.00,0.21,1.00,weak match (topic=1.00 slug=0.21 anchor=1.00); no confident remap
major-systems/cost-of-mold-remediation-in-tampa-2026.md,166,Cost to Repair Water Damage in Tampa 2026,/major-systems/cost-to-repair-water-damage-in-tampa-2026/,STRIP,,/plumbing/cost-to-replace-water-heater-in-tampa-2026/,0.33,0.84,0.33,weak match (topic=0.33 slug=0.84 anchor=0.33); no confident remap
major-systems/cost-of-mold-remediation-in-tampa-2026.md,167,Cost to Install Dehumidifiers Florida,/major-systems/cost-to-install-dehumidifiers-florida-2026/,STRIP,,,0.00,0.00,0.00,no topic overlap with any whitelist candidate
major-systems/cost-of-termite-treatment-in-florida-2026.md,171,Cost to Repair Termite Damage in Florida,/major-systems/cost-to-repair-termite-damage-florida-2026/,STRIP,,/major-systems/cost-of-termite-treatment-in-florida-2026/,0.33,0.75,0.33,weak match (topic=0.33 slug=0.75 anchor=0.33); no confident remap
major-systems/cost-of-termite-treatment-in-florida-2026.md,172,Cost to Install Termite Bait Systems,/major-systems/cost-to-install-termite-bait-systems-2026/,STRIP,,/major-systems/cost-of-termite-treatment-in-tampa-2026/,0.25,0.62,0.25,weak match (topic=0.25 slug=0.62 anchor=0.25); no confident remap
major-systems/cost-of-termite-treatment-in-florida-2026.md,173,Florida Homeowners Insurance Coverage Guide,/insurance/florida-homeowners-insurance-coverage-guide-2026/,STRIP,,,0.00,0.00,0.00,fake section /insurance/
major-systems/cost-of-termite-treatment-in-fort-lauderdale-2026.md,165,Cost to Repair Termite Damage in Fort Lauderdale 2026,/major-systems/cost-to-repair-termite-damage-fort-lauderdale-2026/,STRIP,,/major-systems/cost-of-termite-treatment-in-fort-lauderdale-2026/,0.33,0.79,0.33,weak match (topic=0.33 slug=0.79 anchor=0.33); no confident remap
major-systems/cost-of-termite-treatment-in-fort-lauderdale-2026.md,166,Termite Inspection Cost in Florida 2026,/major-systems/termite-inspection-cost-florida-2026/,STRIP,,/roofing/cost-of-roof-inspection-in-florida-2026/,0.25,0.72,0.25,weak match (topic=0.25 slug=0.72 anchor=0.25); no confident remap
major-systems/cost-of-termite-treatment-in-fort-lauderdale-2026.md,167,Cost to Replace Termite Damaged Wood in Miami 2026,/major-systems/cost-to-replace-termite-damaged-wood-miami-2026/,STRIP,,/major-systems/cost-of-termite-treatment-in-miami-2026/,0.25,0.70,0.25,weak match (topic=0.25 slug=0.70 anchor=0.25); no confident remap
major-systems/cost-of-termite-treatment-in-miami-2026.md,169,Cost to Replace a Roof in Miami,/roofing/cost-to-replace-roof-miami-2026/,REWRITE,/general/cost-to-replace-roof-in-miami-2026/,/general/cost-to-replace-roof-in-miami-2026/,1.00,0.95,1.00,topic=1.00 slug=0.95 anchor=1.00
major-systems/cost-of-termite-treatment-in-miami-2026.md,170,Cost to Install Impact Windows in Miami,/hurricane-protection/cost-to-install-impact-windows-miami-2026/,STRIP,/hurricane-protection/cost-to-install-impact-windows-tampa-2026/,/hurricane-protection/cost-to-install-impact-windows-tampa-2026/,1.00,0.93,1.00,BULK_STRIP from FLAG: topic+slug match but city mismatch: target=miami cand=tampa
major-systems/cost-of-termite-treatment-in-miami-2026.md,171,Cost to Repair Water Damage Florida,/plumbing/cost-to-repair-water-damage-florida-2026/,STRIP,,/plumbing/cost-to-replace-water-heater-in-florida-2026/,0.33,0.81,0.33,weak match (topic=0.33 slug=0.81 anchor=0.33); no confident remap
major-systems/cost-of-termite-treatment-in-orlando-2026.md,169,Cost to Replace a Roof in Orlando 2026,/roofing/cost-to-replace-roof-orlando-2026/,REWRITE,/general/cost-to-replace-roof-in-orlando-2026/,/general/cost-to-replace-roof-in-orlando-2026/,1.00,0.96,1.00,topic=1.00 slug=0.96 anchor=1.00
major-systems/cost-of-termite-treatment-in-orlando-2026.md,170,Cost to Install Impact Windows in Orlando,/hurricane-protection/cost-to-install-impact-windows-orlando-2026/,STRIP,/hurricane-protection/cost-to-install-impact-windows-tampa-2026/,/hurricane-protection/cost-to-install-impact-windows-tampa-2026/,1.00,0.88,1.00,BULK_STRIP from FLAG: topic+slug match but city mismatch: target=orlando cand=tampa
major-systems/cost-of-termite-treatment-in-orlando-2026.md,171,Cost to Repair Foundation Slab in Orlando 2026,/major-systems/cost-to-repair-foundation-slab-orlando-2026/,STRIP,,/major-systems/cost-to-repair-foundation-in-florida-2026/,0.50,0.83,0.50,weak match (topic=0.50 slug=0.83 anchor=0.50); no confident remap
major-systems/cost-of-termite-treatment-in-tampa-2026.md,165,Cost to Home Inspection in Tampa 2026,/major-systems/cost-to-home-inspection-in-tampa-2026/,STRIP,,/roofing/cost-of-roof-inspection-in-tampa-2026/,0.33,0.89,0.33,weak match (topic=0.33 slug=0.89 anchor=0.33); no confident remap
major-systems/cost-of-termite-treatment-in-tampa-2026.md,166,Cost to Repair Water Damage in Tampa 2026,/major-systems/cost-to-repair-water-damage-in-tampa-2026/,STRIP,,/plumbing/cost-to-replace-water-heater-in-tampa-2026/,0.33,0.84,0.33,weak match (topic=0.33 slug=0.84 anchor=0.33); no confident remap
major-systems/cost-of-termite-treatment-in-tampa-2026.md,167,Cost to Install Pest Control Systems Florida,/major-systems/cost-to-install-pest-control-systems-florida-2026/,STRIP,,/major-systems/,0.25,0.32,0.25,weak match (topic=0.25 slug=0.32 anchor=0.25); no confident remap
major-systems/cost-to-install-solar-panels-in-florida-2026.md,160,Cost to Install EV Charger in Florida 2026,/major-systems/cost-to-install-ev-charger-florida-2026/,REWRITE,/electrical/cost-to-install-ev-charger-in-florida-2026/,/electrical/cost-to-install-ev-charger-in-florida-2026/,1.00,0.96,1.00,topic=1.00 slug=0.96 anchor=1.00
major-systems/cost-to-install-solar-panels-in-florida-2026.md,161,Cost to Replace Electrical Panel in Florida 2026,/major-systems/cost-to-replace-electrical-panel-florida-2026/,REWRITE,/electrical/cost-to-upgrade-electrical-panel-in-florida-2026/,/electrical/cost-to-upgrade-electrical-panel-in-florida-2026/,1.00,0.88,1.00,topic=1.00 slug=0.88 anchor=1.00
major-systems/cost-to-install-solar-panels-in-florida-2026.md,162,Cost to Install Generators in Florida 2026,/major-systems/cost-to-install-generators-florida-2026/,STRIP,,/electrical/cost-to-install-home-generators-miami-2026/,0.50,0.84,0.50,weak match (topic=0.50 slug=0.84 anchor=0.50); no confident remap
major-systems/cost-to-install-solar-panels-in-miami-2026.md,163,Cost to Install HVAC in Miami 2026,/major-systems/cost-to-install-hvac-miami-2026/,STRIP,,/hvac/,1.00,0.23,1.00,weak match (topic=1.00 slug=0.23 anchor=1.00); no confident remap
major-systems/cost-to-install-solar-panels-in-miami-2026.md,164,Cost to Replace Tile Roof in Miami,/roofing/cost-to-replace-tile-roof-miami-2026/,REWRITE,/roofing/cost-to-replace-tile-roof-in-miami-2026/,/roofing/cost-to-replace-tile-roof-in-miami-2026/,1.00,0.96,1.00,topic=1.00 slug=0.96 anchor=1.00
major-systems/cost-to-install-solar-panels-in-miami-2026.md,165,Cost to Install Impact Windows in Miami,/hurricane-protection/cost-to-install-impact-windows-miami-2026/,STRIP,/hurricane-protection/cost-to-install-impact-windows-tampa-2026/,/hurricane-protection/cost-to-install-impact-windows-tampa-2026/,1.00,0.93,1.00,BULK_STRIP from FLAG: topic+slug match but city mismatch: target=miami cand=tampa
major-systems/cost-to-install-solar-panels-tampa-2026.md,217,Cost to Replace Roof in Tampa 2026,/tampa-roof-replacement-cost-2026,STRIP,,/roofing/cost-to-replace-roof-in-cooper-city-2026/,0.25,0.58,1.00,weak match (topic=0.25 slug=0.58 anchor=1.00); no confident remap
major-systems/cost-to-install-solar-panels-tampa-2026.md,218,Florida Hurricane Protection Guide: Impact Windows vs Shutters,/florida-hurricane-protection-guide,STRIP,,/hurricane-protection/,0.50,0.74,0.25,weak match (topic=0.50 slug=0.74 anchor=0.25); no confident remap
major-systems/cost-to-install-solar-panels-tampa-2026.md,219,HVAC Costs in Tampa: AC Unit Replacement & Maintenance,/tampa-hvac-replacement-costs,STRIP,,/hvac/cost-to-replace-hvac-system-orlando-2026/,0.20,0.41,0.12,weak match (topic=0.20 slug=0.41 anchor=0.12); no confident remap
major-systems/cost-to-install-solar-panels-tampa-2026.md,220,Complete Guide to Solar Battery Storage in Florida,/solar-battery-storage-guide-florida,STRIP,,/major-systems/cost-to-install-solar-panels-in-florida-2026/,0.20,0.46,0.17,weak match (topic=0.20 slug=0.46 anchor=0.17); no confident remap
major-systems/cost-to-install-spray-foam-insulation-in-florida-2026.md,164,Cost to Install Impact Windows in Florida,/major-systems/cost-to-install-impact-windows-florida-2026/,REWRITE,/hurricane-protection/cost-to-install-impact-windows-in-florida-2026/,/hurricane-protection/cost-to-install-impact-windows-in-florida-2026/,1.00,0.97,1.00,topic=1.00 slug=0.97 anchor=1.00
major-systems/cost-to-install-spray-foam-insulation-in-florida-2026.md,165,Cost to Replace HVAC System Florida,/major-systems/cost-to-replace-hvac-system-florida-2026/,STRIP,/hvac/cost-to-replace-hvac-system-orlando-2026/,/hvac/cost-to-replace-hvac-system-orlando-2026/,1.00,0.90,1.00,BULK_STRIP from FLAG: topic+slug match but city mismatch: target=florida cand=orlando
major-systems/cost-to-install-spray-foam-insulation-in-florida-2026.md,166,Cost to Install Air Sealing Florida,/major-systems/cost-to-install-air-sealing-florida-2026/,STRIP,,/hvac/cost-to-clean-air-ducts-in-florida-2026/,0.33,0.76,0.33,weak match (topic=0.33 slug=0.76 anchor=0.33); no confident remap
major-systems/cost-to-install-spray-foam-insulation-in-tampa-2026.md,163,Cost to Install HVAC in Tampa 2026,/major-systems/cost-to-install-hvac-in-tampa-2026/,STRIP,,/hvac/,1.00,0.21,1.00,weak match (topic=1.00 slug=0.21 anchor=1.00); no confident remap
major-systems/cost-to-install-spray-foam-insulation-in-tampa-2026.md,164,Cost to Install Energy Efficient Windows Tampa 2026,/energy-efficiency/cost-to-install-energy-efficient-windows-tampa-2026/,STRIP,,/hurricane-protection/cost-to-install-impact-windows-tampa-2026/,0.25,0.83,0.25,fake section /energy-efficiency/
major-systems/cost-to-install-spray-foam-insulation-in-tampa-2026.md,165,Cost to Insulate a Mobile Home in Tampa,/major-systems/cost-to-insulate-a-mobile-home-in-tampa-2026/,STRIP,,/electrical/cost-to-install-home-generators-miami-2026/,0.25,0.63,0.25,weak match (topic=0.25 slug=0.63 anchor=0.25); no confident remap
major-systems/cost-to-repair-foundation-in-fort-lauderdale-2026.md,171,Cost to Install Foundation Piers in Fort Lauderdale 2026,/major-systems/cost-to-install-foundation-piers-fort-lauderdale-2026/,STRIP,,/major-systems/cost-to-repair-foundation-in-fort-lauderdale-2026/,0.50,0.84,0.50,weak match (topic=0.50 slug=0.84 anchor=0.50); no confident remap
major-systems/cost-to-repair-foundation-in-fort-lauderdale-2026.md,172,Cost to Install Sump Pump in Fort Lauderdale 2026,/major-systems/cost-to-install-sump-pump-fort-lauderdale-2026/,REWRITE,/plumbing/cost-to-install-sump-pump-in-fort-lauderdale-2026/,/plumbing/cost-to-install-sump-pump-in-fort-lauderdale-2026/,1.00,0.97,1.00,topic=1.00 slug=0.97 anchor=1.00
major-systems/cost-to-repair-foundation-in-fort-lauderdale-2026.md,173,Cost to Repair Wall Cracks in Florida 2026,/major-systems/cost-to-repair-wall-cracks-in-florida-2026/,STRIP,,,0.00,0.00,0.00,no topic overlap with any whitelist candidate
major-systems/cost-to-repair-foundation-in-miami-2026.md,166,Cost to Waterproof Basement in Miami,/major-systems/cost-to-waterproof-basement-miami-2026/,STRIP,,,0.00,0.00,0.00,no topic overlap with any whitelist candidate
major-systems/cost-to-repair-foundation-in-miami-2026.md,167,Cost to Replace HVAC in Miami,/hvac/cost-to-replace-hvac-miami-2026/,STRIP,,/hvac/,1.00,0.23,1.00,weak match (topic=1.00 slug=0.23 anchor=1.00); no confident remap
major-systems/cost-to-repair-foundation-in-miami-2026.md,168,Cost to Install Impact Windows in Miami,/hurricane-protection/cost-to-install-impact-windows-miami-2026/,STRIP,/hurricane-protection/cost-to-install-impact-windows-tampa-2026/,/hurricane-protection/cost-to-install-impact-windows-tampa-2026/,1.00,0.93,1.00,BULK_STRIP from FLAG: topic+slug match but city mismatch: target=miami cand=tampa
major-systems/cost-to-repair-foundation-in-tampa-2026.md,178,Cost to Install Drainage System Florida,/major-systems/cost-to-install-drainage-system-florida-2026/,STRIP,,/hvac/cost-to-replace-hvac-system-orlando-2026/,0.33,0.64,0.33,weak match (topic=0.33 slug=0.64 anchor=0.33); no confident remap
major-systems/cost-to-repair-foundation-in-tampa-2026.md,179,Cost to Fix Slab Leak in Tampa,/major-systems/cost-to-fix-slab-leak-tampa-2026/,STRIP,,,0.00,0.00,0.00,no topic overlap with any whitelist candidate
major-systems/cost-to-repair-foundation-in-tampa-2026.md,180,Cost to Add a Room in Tampa,/structural/cost-to-add-a-room-tampa-2026/,STRIP,,,0.00,0.00,0.00,fake section /structural/
major-systems/cost-to-replace-septic-tank-in-florida-2026.md,160,Cost to Install Septic Tank in Florida 2026,/major-systems/cost-to-install-septic-tank-in-florida-2026/,REWRITE,/major-systems/cost-to-replace-septic-tank-in-florida-2026/,/major-systems/cost-to-replace-septic-tank-in-florida-2026/,1.00,0.86,1.00,topic=1.00 slug=0.86 anchor=1.00
major-systems/cost-to-replace-septic-tank-in-florida-2026.md,161,Cost to Repair Septic System Florida,/major-systems/cost-to-repair-septic-system-florida-2026/,STRIP,,/major-systems/cost-to-replace-septic-tank-in-florida-2026/,0.33,0.81,0.33,weak match (topic=0.33 slug=0.81 anchor=0.33); no confident remap
major-systems/cost-to-replace-septic-tank-in-florida-2026.md,162,Cost to Install Well Pump in Florida 2026,/major-systems/cost-to-install-well-pump-in-florida-2026/,REWRITE,/major-systems/cost-to-replace-well-pump-in-florida-2026/,/major-systems/cost-to-replace-well-pump-in-florida-2026/,1.00,0.85,1.00,topic=1.00 slug=0.85 anchor=1.00
major-systems/cost-to-replace-septic-tank-in-fort-lauderdale-2026.md,167,Cost to Install a Sump Pump in Fort Lauderdale,/major-systems/cost-to-install-sump-pump-fort-lauderdale-2026/,REWRITE,/plumbing/cost-to-install-sump-pump-in-fort-lauderdale-2026/,/plumbing/cost-to-install-sump-pump-in-fort-lauderdale-2026/,1.00,0.97,1.00,topic=1.00 slug=0.97 anchor=1.00
major-systems/cost-to-replace-septic-tank-in-fort-lauderdale-2026.md,168,Cost to Replace Water Heater in Florida,/major-systems/cost-to-replace-water-heater-florida-2026/,REWRITE,/plumbing/cost-to-replace-water-heater-in-florida-2026/,/plumbing/cost-to-replace-water-heater-in-florida-2026/,1.00,0.96,1.00,topic=1.00 slug=0.96 anchor=1.00
major-systems/cost-to-replace-septic-tank-in-fort-lauderdale-2026.md,169,Cost to Install Septic Pump in Florida,/major-systems/cost-to-install-septic-pump-florida-2026/,STRIP,,/plumbing/cost-to-install-sump-pump-in-florida-2026/,0.33,0.89,0.33,weak match (topic=0.33 slug=0.89 anchor=0.33); no confident remap
major-systems/cost-to-replace-septic-tank-in-jacksonville-2026.md,163,Cost to Install a Sump Pump in Jacksonville 2026,/major-systems/cost-to-install-sump-pump-jacksonville-2026/,STRIP,,/plumbing/cost-to-install-sump-pump-in-miami-2026/,1.00,0.80,1.00,weak match (topic=1.00 slug=0.80 anchor=1.00); no confident remap
major-systems/cost-to-replace-septic-tank-in-jacksonville-2026.md,164,Cost to Replace a Water Heater in Jacksonville 2026,/major-systems/cost-to-replace-water-heater-jacksonville-2026/,STRIP,,/plumbing/cost-to-replace-water-heater-in-miami-2026/,1.00,0.82,1.00,weak match (topic=1.00 slug=0.82 anchor=1.00); no confident remap
major-systems/cost-to-replace-septic-tank-in-jacksonville-2026.md,165,Cost to Install Backflow Prevention in Jacksonville 2026,/major-systems/cost-to-install-backflow-prevention-jacksonville-2026/,STRIP,,,0.00,0.00,0.00,no topic overlap with any whitelist candidate
major-systems/cost-to-replace-septic-tank-in-miami-2026.md,172,Cost to Install Water Heater in Miami 2026,/major-systems/cost-to-install-water-heater-miami-2026/,STRIP,,/plumbing/cost-to-replace-water-heater-in-miami-2026/,1.00,0.81,1.00,weak match (topic=1.00 slug=0.81 anchor=1.00); no confident remap
major-systems/cost-to-replace-septic-tank-in-miami-2026.md,173,Cost to Install Sump Pump in Miami 2026,/major-systems/cost-to-install-sump-pump-miami-2026/,REWRITE,/plumbing/cost-to-install-sump-pump-in-miami-2026/,/plumbing/cost-to-install-sump-pump-in-miami-2026/,1.00,0.96,1.00,topic=1.00 slug=0.96 anchor=1.00
major-systems/cost-to-replace-septic-tank-in-miami-2026.md,174,Cost to Replace Plumbing Pipes in Miami 2026,/major-systems/cost-to-replace-plumbing-pipes-miami-2026/,STRIP,,/plumbing/,0.50,0.33,0.50,weak match (topic=0.50 slug=0.33 anchor=0.50); no confident remap
major-systems/cost-to-replace-well-pump-in-florida-2026.md,175,Cost to Replace Water Heater in Florida,/major-systems/cost-to-replace-water-heater-florida-2026/,REWRITE,/plumbing/cost-to-replace-water-heater-in-florida-2026/,/plumbing/cost-to-replace-water-heater-in-florida-2026/,1.00,0.96,1.00,topic=1.00 slug=0.96 anchor=1.00
major-systems/cost-to-replace-well-pump-in-florida-2026.md,176,Cost to Install Septic Tank in Florida,/major-systems/cost-to-install-septic-tank-florida-2026/,STRIP,,/major-systems/cost-to-replace-septic-tank-in-florida-2026/,1.00,0.82,1.00,weak match (topic=1.00 slug=0.82 anchor=1.00); no confident remap
major-systems/cost-to-replace-well-pump-in-florida-2026.md,177,Cost to Replace Roof in Orlando 2026,/roofing/cost-to-replace-roof-orlando-2026/,REWRITE,/general/cost-to-replace-roof-in-orlando-2026/,/general/cost-to-replace-roof-in-orlando-2026/,1.00,0.96,1.00,topic=1.00 slug=0.96 anchor=1.00
major-systems/cost-to-replace-well-pump-in-orlando-2026.md,169,Cost to Install Water Heater in Orlando 2026,/major-systems/cost-to-install-water-heater-orlando-2026/,STRIP,,/plumbing/cost-to-replace-water-heater-in-orlando-2026/,1.00,0.82,1.00,weak match (topic=1.00 slug=0.82 anchor=1.00); no confident remap
major-systems/cost-to-replace-well-pump-in-orlando-2026.md,170,Cost to Install Septic System Florida,/major-systems/cost-to-install-septic-system-florida-2026/,STRIP,,/major-systems/cost-to-replace-septic-tank-in-florida-2026/,0.33,0.73,0.33,weak match (topic=0.33 slug=0.73 anchor=0.33); no confident remap
major-systems/cost-to-replace-well-pump-in-orlando-2026.md,171,Cost to Replace HVAC System Orlando 2026,/major-systems/cost-to-replace-hvac-system-orlando-2026/,REWRITE,/hvac/cost-to-replace-hvac-system-orlando-2026/,/hvac/cost-to-replace-hvac-system-orlando-2026/,1.00,1.00,1.00,topic=1.00 slug=1.00 anchor=1.00
major-systems/cost-to-replace-well-pump-in-tampa-2026.md,171,Cost to Replace Water Heater in Tampa 2026,/major-systems/cost-to-replace-water-heater-tampa-2026/,REWRITE,/plumbing/cost-to-replace-water-heater-in-tampa-2026/,/plumbing/cost-to-replace-water-heater-in-tampa-2026/,1.00,0.96,1.00,topic=1.00 slug=0.96 anchor=1.00
major-systems/cost-to-replace-well-pump-in-tampa-2026.md,172,Cost to Install Whole House Water Filter Tampa,/major-systems/cost-to-install-whole-house-water-filter-tampa-2026/,STRIP,,/electrical/cost-to-install-whole-house-generator-in-tampa-2026/,0.40,0.86,0.40,weak match (topic=0.40 slug=0.86 anchor=0.40); no confident remap
major-systems/cost-to-replace-well-pump-in-tampa-2026.md,173,Cost to Drill a New Well in Tampa 2026,/major-systems/cost-to-drill-new-well-tampa-2026/,STRIP,,/major-systems/cost-to-replace-well-pump-in-tampa-2026/,0.33,0.75,0.33,weak match (topic=0.33 slug=0.75 anchor=0.33); no confident remap
plumbing/cost-to-install-sump-pump-in-florida-2026.md,165,Cost to Install Backflow Preventer in Florida 2026,/plumbing/cost-to-install-backflow-preventer-in-florida-2026/,STRIP,,,0.00,0.00,0.00,no topic overlap with any whitelist candidate
plumbing/cost-to-install-sump-pump-in-florida-2026.md,166,Cost to Install Water Heater Florida 2026,/plumbing/cost-to-install-water-heater-florida-2026/,STRIP,,/plumbing/cost-to-replace-water-heater-in-florida-2026/,1.00,0.82,1.00,weak match (topic=1.00 slug=0.82 anchor=1.00); no confident remap
plumbing/cost-to-install-sump-pump-in-florida-2026.md,167,Cost to Install Sewer Line Repair Florida 2026,/plumbing/cost-to-install-sewer-line-repair-florida-2026/,STRIP,,/plumbing/cost-to-repair-sewer-line-in-florida-2026/,0.67,0.80,0.67,weak match (topic=0.67 slug=0.80 anchor=0.67); no confident remap
plumbing/cost-to-install-sump-pump-in-fort-lauderdale-2026.md,166,Cost to Install a Water Heater in Fort Lauderdale,/plumbing/cost-to-install-water-heater-fort-lauderdale-2026/,REWRITE,/plumbing/cost-to-replace-water-heater-in-fort-lauderdale-2026/,/plumbing/cost-to-replace-water-heater-in-fort-lauderdale-2026/,1.00,0.85,1.00,topic=1.00 slug=0.85 anchor=1.00
plumbing/cost-to-install-sump-pump-in-fort-lauderdale-2026.md,167,Cost to Repair a Leaking Pipe in Fort Lauderdale,/plumbing/cost-to-repair-leaking-pipe-fort-lauderdale-2026/,STRIP,,,0.00,0.00,0.00,no topic overlap with any whitelist candidate
plumbing/cost-to-install-sump-pump-in-fort-lauderdale-2026.md,168,Cost to Install a French Drain in Fort Lauderdale,/plumbing/cost-to-install-french-drain-fort-lauderdale-2026/,STRIP,,,0.00,0.00,0.00,no topic overlap with any whitelist candidate
plumbing/cost-to-install-sump-pump-in-miami-2026.md,171,Cost to Install Water Heater in Miami,/plumbing/cost-to-install-water-heater-miami-2026/,STRIP,,/plumbing/cost-to-replace-water-heater-in-miami-2026/,1.00,0.81,1.00,weak match (topic=1.00 slug=0.81 anchor=1.00); no confident remap
plumbing/cost-to-install-sump-pump-in-miami-2026.md,172,Cost to Install Impact Windows in Miami,/hurricane-protection/cost-to-install-impact-windows-miami-2026/,STRIP,/hurricane-protection/cost-to-install-impact-windows-tampa-2026/,/hurricane-protection/cost-to-install-impact-windows-tampa-2026/,1.00,0.93,1.00,BULK_STRIP from FLAG: topic+slug match but city mismatch: target=miami cand=tampa
plumbing/cost-to-install-sump-pump-in-miami-2026.md,173,Cost to Install Hurricane Shutters Florida,/hurricane-protection/cost-to-install-hurricane-shutters-florida-2026/,REWRITE,/hurricane-protection/cost-to-install-hurricane-shutters-in-florida-2026/,/hurricane-protection/cost-to-install-hurricane-shutters-in-florida-2026/,1.00,0.97,1.00,topic=1.00 slug=0.97 anchor=1.00
plumbing/cost-to-install-water-softener-in-florida-2026.md,174,Cost to Install Whole House Filter Florida,/plumbing/cost-to-install-whole-house-filter-florida-2026/,STRIP,,/electrical/cost-to-install-whole-house-generator-florida-2026/,0.50,0.89,0.50,weak match (topic=0.50 slug=0.89 anchor=0.50); no confident remap
plumbing/cost-to-install-water-softener-in-florida-2026.md,175,Cost to Repair Plumbing Leaks Tampa 2026,/plumbing/cost-to-repair-plumbing-leaks-tampa-2026/,STRIP,,/plumbing/,0.50,0.33,0.50,weak match (topic=0.50 slug=0.33 anchor=0.50); no confident remap
plumbing/cost-to-install-water-softener-in-florida-2026.md,254,Cost to Install Whole House Filter Florida,/plumbing/cost-to-install-whole-house-filter-florida-2026/,STRIP,,/electrical/cost-to-install-whole-house-generator-florida-2026/,0.50,0.89,0.50,weak match (topic=0.50 slug=0.89 anchor=0.50); no confident remap
plumbing/cost-to-install-water-softener-in-florida-2026.md,255,Cost to Repair Plumbing Leaks Tampa 2026,/plumbing/cost-to-repair-plumbing-leaks-tampa-2026/,STRIP,,/plumbing/,0.50,0.33,0.50,weak match (topic=0.50 slug=0.33 anchor=0.50); no confident remap
plumbing/cost-to-install-water-softener-in-fort-lauderdale-2026.md,171,Cost to Install Water Filter in Fort Lauderdale 2026,/plumbing/cost-to-install-water-filter-fort-lauderdale-2026/,STRIP,,/plumbing/cost-to-install-water-softener-in-fort-lauderdale-2026/,0.33,0.91,0.33,weak match (topic=0.33 slug=0.91 anchor=0.33); no confident remap
plumbing/cost-to-install-water-softener-in-fort-lauderdale-2026.md,172,Cost to Replace Water Heater in Fort Lauderdale 2026,/plumbing/cost-to-replace-water-heater-fort-lauderdale-2026/,REWRITE,/plumbing/cost-to-replace-water-heater-in-fort-lauderdale-2026/,/plumbing/cost-to-replace-water-heater-in-fort-lauderdale-2026/,1.00,0.97,1.00,topic=1.00 slug=0.97 anchor=1.00
plumbing/cost-to-install-water-softener-in-fort-lauderdale-2026.md,173,Cost to Install Sump Pump in Fort Lauderdale 2026,/plumbing/cost-to-install-sump-pump-fort-lauderdale-2026/,REWRITE,/plumbing/cost-to-install-sump-pump-in-fort-lauderdale-2026/,/plumbing/cost-to-install-sump-pump-in-fort-lauderdale-2026/,1.00,0.97,1.00,topic=1.00 slug=0.97 anchor=1.00
plumbing/cost-to-install-water-softener-in-miami-2026.md,169,Cost to Install Water Heater in Miami 2026,/plumbing/cost-to-install-water-heater-miami-2026/,STRIP,,/plumbing/cost-to-replace-water-heater-in-miami-2026/,1.00,0.81,1.00,weak match (topic=1.00 slug=0.81 anchor=1.00); no confident remap
plumbing/cost-to-install-water-softener-in-miami-2026.md,170,Cost to Repair Plumbing Leak in Miami 2026,/plumbing/cost-to-repair-leak-miami-2026/,STRIP,,,0.00,0.00,0.00,no topic overlap with any whitelist candidate
plumbing/cost-to-install-water-softener-in-miami-2026.md,171,Cost to Install Garbage Disposal in Miami 2026,/plumbing/cost-to-install-garbage-disposal-miami-2026/,STRIP,,,0.00,0.00,0.00,no topic overlap with any whitelist candidate
plumbing/cost-to-repair-sewer-line-in-miami-2026.md,163,Cost to Replace Water Heater in Miami 2026,/plumbing/cost-to-replace-water-heater-miami-2026/,REWRITE,/plumbing/cost-to-replace-water-heater-in-miami-2026/,/plumbing/cost-to-replace-water-heater-in-miami-2026/,1.00,0.96,1.00,topic=1.00 slug=0.96 anchor=1.00
plumbing/cost-to-repair-sewer-line-in-miami-2026.md,164,Cost to Install Backwater Valve in Miami 2026,/plumbing/cost-to-install-backwater-valve-miami-2026/,STRIP,,,0.00,0.00,0.00,no topic overlap with any whitelist candidate
plumbing/cost-to-repair-sewer-line-in-miami-2026.md,165,Cost to Repair Slab Foundation in Miami 2026,/foundation/cost-to-slab-repair-miami-2026/,STRIP,,,0.00,0.00,0.00,fake section /foundation/
plumbing/cost-to-repipe-house-in-florida-2026.md,169,Cost to Install a Water Heater in Florida,/plumbing/cost-to-install-water-heater-florida-2026/,STRIP,,/plumbing/cost-to-replace-water-heater-in-florida-2026/,1.00,0.82,1.00,weak match (topic=1.00 slug=0.82 anchor=1.00); no confident remap
plumbing/cost-to-repipe-house-in-florida-2026.md,171,Cost to Fix a Slab Leak in Miami,/plumbing/cost-to-fix-slab-leak-miami-2026/,STRIP,,,0.00,0.00,0.00,no topic overlap with any whitelist candidate
plumbing/cost-to-repipe-house-in-fort-lauderdale-2026.md,165,Cost to Install Water Heater in Fort Lauderdale,/plumbing/cost-to-install-water-heater-fort-lauderdale-2026/,REWRITE,/plumbing/cost-to-replace-water-heater-in-fort-lauderdale-2026/,/plumbing/cost-to-replace-water-heater-in-fort-lauderdale-2026/,1.00,0.85,1.00,topic=1.00 slug=0.85 anchor=1.00
plumbing/cost-to-repipe-house-in-fort-lauderdale-2026.md,166,Cost to Fix Leaky Pipe in Florida,/plumbing/cost-to-fix-leaky-pipe-florida-2026/,STRIP,,,0.00,0.00,0.00,no topic overlap with any whitelist candidate
plumbing/cost-to-repipe-house-in-fort-lauderdale-2026.md,167,Cost to Inspect Home Before Buying Florida,/home-maintenance/cost-to-inspect-home-florida-2026/,STRIP,,/electrical/cost-to-install-home-generators-miami-2026/,0.50,0.72,0.25,fake section /home-maintenance/
plumbing/cost-to-repipe-house-in-miami-2026.md,163,Cost to Install Water Heater in Miami 2026,/plumbing/cost-to-install-water-heater-miami-2026/,STRIP,,/plumbing/cost-to-replace-water-heater-in-miami-2026/,1.00,0.81,1.00,weak match (topic=1.00 slug=0.81 anchor=1.00); no confident remap
plumbing/cost-to-repipe-house-in-miami-2026.md,164,Cost to Fix Leaking Pipe in Miami 2026,/plumbing/cost-to-fix-leaking-pipe-miami-2026/,STRIP,,,0.00,0.00,0.00,no topic overlap with any whitelist candidate
plumbing/cost-to-repipe-house-in-miami-2026.md,165,Cost to Repair Slab Leak in Miami 2026,/plumbing/cost-to-repair-slab-leak-miami-2026/,STRIP,,,0.00,0.00,0.00,no topic overlap with any whitelist candidate
plumbing/cost-to-repipe-house-in-orlando-2026.md,168,Cost to Fix Plumbing Leaks in Orlando,/plumbing/cost-to-fix-plumbing-leaks-orlando-2026/,STRIP,,/plumbing/,0.50,0.34,0.50,weak match (topic=0.50 slug=0.34 anchor=0.50); no confident remap
plumbing/cost-to-repipe-house-in-orlando-2026.md,169,Cost to Replace Water Heater in Orlando,/plumbing/cost-to-replace-water-heater-orlando-2026/,REWRITE,/plumbing/cost-to-replace-water-heater-in-orlando-2026/,/plumbing/cost-to-replace-water-heater-in-orlando-2026/,1.00,0.96,1.00,topic=1.00 slug=0.96 anchor=1.00
plumbing/cost-to-repipe-house-in-orlando-2026.md,170,Cost to Install Sump Pump in Orlando,/plumbing/cost-to-install-sump-pump-orlando-2026/,STRIP,/plumbing/cost-to-install-sump-pump-in-florida-2026/,/plumbing/cost-to-install-sump-pump-in-florida-2026/,1.00,0.86,1.00,BULK_STRIP from FLAG: topic+slug match but city mismatch: target=orlando cand=florida
plumbing/cost-to-repipe-house-in-tampa-2026.md,166,Cost to Fix Slab Leak in Tampa 2026,/plumbing/cost-to-fix-slab-leak-in-tampa-2026/,STRIP,,,0.00,0.00,0.00,no topic overlap with any whitelist candidate
plumbing/cost-to-repipe-house-in-tampa-2026.md,167,Cost to Replace Water Heater in Tampa 2026,/water-heater/cost-to-replace-water-heater-in-tampa-2026/,STRIP,,/plumbing/cost-to-replace-water-heater-in-tampa-2026/,1.00,1.00,1.00,fake section /water-heater/
plumbing/cost-to-repipe-house-in-tampa-2026.md,168,Cost to Inspect a House in Tampa 2026,/home-maintenance/cost-to-inspect-house-in-tampa-2026/,STRIP,,/plumbing/cost-to-repipe-house-in-tampa-2026/,1.00,0.90,1.00,fake section /home-maintenance/
plumbing/cost-to-replace-water-heater-in-florida-2026.md,164,Cost to Repair Leaks in Florida 2026,/plumbing/cost-to-repair-leaks-florida-2026/,STRIP,,,0.00,0.00,0.00,no topic overlap with any whitelist candidate
plumbing/cost-to-replace-water-heater-in-florida-2026.md,165,Cost to Install Irrigation System Florida 2026,/plumbing/cost-to-install-irrigation-florida-2026/,STRIP,,,0.00,0.00,0.00,no topic overlap with any whitelist candidate
plumbing/cost-to-replace-water-heater-in-florida-2026.md,166,Cost to Replace Sewer Line Florida 2026,/plumbing/cost-to-replace-sewer-line-florida-2026/,REWRITE,/plumbing/cost-to-repair-sewer-line-in-florida-2026/,/plumbing/cost-to-repair-sewer-line-in-florida-2026/,1.00,0.90,1.00,topic=1.00 slug=0.90 anchor=1.00
plumbing/cost-to-replace-water-heater-in-fort-lauderdale-2026.md,167,Cost to Install a Sump Pump in Fort Lauderdale 2026,/plumbing/cost-to-install-sump-pump-fort-lauderdale-2026/,REWRITE,/plumbing/cost-to-install-sump-pump-in-fort-lauderdale-2026/,/plumbing/cost-to-install-sump-pump-in-fort-lauderdale-2026/,1.00,0.97,1.00,topic=1.00 slug=0.97 anchor=1.00
plumbing/cost-to-replace-water-heater-in-fort-lauderdale-2026.md,168,Cost to Repair Plumbing Leaks in Fort Lauderdale 2026,/plumbing/cost-to-repair-plumbing-leaks-fort-lauderdale-2026/,STRIP,,/plumbing/,0.50,0.28,0.50,weak match (topic=0.50 slug=0.28 anchor=0.50); no confident remap
plumbing/cost-to-replace-water-heater-in-fort-lauderdale-2026.md,169,Cost to Replace Water Heater in Miami,/plumbing/cost-to-replace-water-heater-miami-2026/,REWRITE,/plumbing/cost-to-replace-water-heater-in-miami-2026/,/plumbing/cost-to-replace-water-heater-in-miami-2026/,1.00,0.96,1.00,topic=1.00 slug=0.96 anchor=1.00
plumbing/cost-to-replace-water-heater-in-miami-2026.md,169,Cost to Install Tankless Water Heater in Florida 2026,/plumbing/cost-to-install-tankless-water-heater-in-florida-2026/,STRIP,,/plumbing/cost-to-replace-water-heater-in-florida-2026/,0.67,0.80,0.67,weak match (topic=0.67 slug=0.80 anchor=0.67); no confident remap
plumbing/cost-to-replace-water-heater-in-miami-2026.md,170,Cost to Replace Sump Pump in Miami 2026,/plumbing/cost-to-replace-sump-pump-in-miami-2026/,STRIP,,/plumbing/cost-to-install-sump-pump-in-miami-2026/,1.00,0.85,1.00,weak match (topic=1.00 slug=0.85 anchor=1.00); no confident remap
plumbing/cost-to-replace-water-heater-in-miami-2026.md,171,Cost to Fix Plumbing Leaks in Miami 2026,/plumbing/cost-to-fix-plumbing-leaks-in-miami-2026/,STRIP,,/plumbing/,0.50,0.33,0.50,weak match (topic=0.50 slug=0.33 anchor=0.50); no confident remap
plumbing/cost-to-replace-water-heater-in-orlando-2026.md,166,Cost to Install a Water Softener in Orlando 2026,/plumbing/cost-to-install-water-softener-orlando-2026/,STRIP,/plumbing/cost-to-install-water-softener-in-florida-2026/,/plumbing/cost-to-install-water-softener-in-florida-2026/,1.00,0.88,1.00,BULK_STRIP from FLAG: topic+slug match but city mismatch: target=orlando cand=florida
plumbing/cost-to-replace-water-heater-in-orlando-2026.md,167,Cost to Repair Plumbing Leaks in Orlando 2026,/plumbing/cost-to-repair-plumbing-leaks-orlando-2026/,STRIP,,/plumbing/,0.50,0.32,0.50,weak match (topic=0.50 slug=0.32 anchor=0.50); no confident remap
plumbing/cost-to-replace-water-heater-in-orlando-2026.md,168,Cost to Replace Water Heater in Tampa 2026,/plumbing/cost-to-replace-water-heater-tampa-2026/,REWRITE,/plumbing/cost-to-replace-water-heater-in-tampa-2026/,/plumbing/cost-to-replace-water-heater-in-tampa-2026/,1.00,0.96,1.00,topic=1.00 slug=0.96 anchor=1.00
plumbing/cost-to-replace-water-heater-in-tampa-2026.md,164,Cost to Install Tankless Water Heater in Tampa 2026,/plumbing/cost-to-install-tankless-water-heater-in-tampa-2026/,STRIP,,/plumbing/cost-to-replace-water-heater-in-tampa-2026/,0.67,0.80,0.67,weak match (topic=0.67 slug=0.80 anchor=0.67); no confident remap
plumbing/cost-to-replace-water-heater-in-tampa-2026.md,165,Cost to Fix Plumbing Leaks in Tampa 2026,/plumbing/cost-to-fix-plumbing-leaks-in-tampa-2026/,STRIP,,/plumbing/,0.50,0.33,0.50,weak match (topic=0.50 slug=0.33 anchor=0.50); no confident remap
plumbing/cost-to-replace-water-heater-in-tampa-2026.md,166,Cost to Install Water Softener Florida,/plumbing/cost-to-install-water-softener-florida-2026/,REWRITE,/plumbing/cost-to-install-water-softener-in-florida-2026/,/plumbing/cost-to-install-water-softener-in-florida-2026/,1.00,0.97,1.00,topic=1.00 slug=0.97 anchor=1.00
pool/cost-to-build-inground-pool-in-florida-2026.md,164,Cost to Install Impact Windows in Florida,/hurricane-protection/cost-to-install-impact-windows-florida-2026/,REWRITE,/hurricane-protection/cost-to-install-impact-windows-in-florida-2026/,/hurricane-protection/cost-to-install-impact-windows-in-florida-2026/,1.00,0.97,1.00,topic=1.00 slug=0.97 anchor=1.00
pool/cost-to-build-inground-pool-in-florida-2026.md,166,Cost to Install Outdoor Kitchen Florida,/outdoor-living/cost-to-install-outdoor-kitchen-florida-2026/,STRIP,,/interior/cost-to-remodel-kitchen-in-florida-2026/,0.50,0.72,0.50,fake section /outdoor-living/
pool/cost-to-build-inground-pool-in-fort-lauderdale-2026.md,172,Cost to Install Hurricane Shutters Florida,/hurricane-protection/cost-to-install-hurricane-shutters-florida-2026/,REWRITE,/hurricane-protection/cost-to-install-hurricane-shutters-in-florida-2026/,/hurricane-protection/cost-to-install-hurricane-shutters-in-florida-2026/,1.00,0.97,1.00,topic=1.00 slug=0.97 anchor=1.00
pool/cost-to-build-inground-pool-in-fort-lauderdale-2026.md,173,Cost to Build Inground Pool in Miami,/pool/cost-to-build-inground-pool-miami-2026/,REWRITE,/pool/cost-to-build-inground-pool-in-miami-2026/,/pool/cost-to-build-inground-pool-in-miami-2026/,1.00,0.96,1.00,topic=1.00 slug=0.96 anchor=1.00
pool/cost-to-build-inground-pool-in-orlando-2026.md,169,Cost to Repair Pool Pump in Orlando 2026,/pool/cost-to-repair-pump-orlando-2026/,STRIP,,/major-systems/cost-to-replace-well-pump-in-orlando-2026/,0.50,0.82,0.33,weak match (topic=0.50 slug=0.82 anchor=0.33); no confident remap
pool/cost-to-build-inground-pool-in-orlando-2026.md,170,Cost to Install Salt Water System Florida,/pool/cost-to-install-salt-water-system-florida-2026/,STRIP,,/plumbing/cost-to-install-water-softener-in-florida-2026/,0.25,0.83,0.25,weak match (topic=0.25 slug=0.83 anchor=0.25); no confident remap
pool/cost-to-build-inground-pool-in-orlando-2026.md,171,Cost to Replace Pool Liner Orlando 2026,/pool/cost-to-replace-pool-liner-orlando-2026/,STRIP,,/pool/cost-to-resurface-pool-in-florida-2026/,0.50,0.78,0.50,weak match (topic=0.50 slug=0.78 anchor=0.50); no confident remap
pool/cost-to-build-inground-pool-in-tampa-2026.md,166,Cost to Install Pool Fencing in Tampa,/pooling/cost-to-install-pool-fencing-tampa-2026/,STRIP,,/pool/cost-to-resurface-pool-in-tampa-2026/,0.50,0.77,0.50,fake section /pooling/
pool/cost-to-build-inground-pool-in-tampa-2026.md,167,Cost to Install Heat Pump in Tampa,/pooling/cost-to-install-heat-pump-tampa-2026/,STRIP,,/plumbing/cost-to-install-sump-pump-in-miami-2026/,0.33,0.77,0.33,fake section /pooling/
pool/cost-to-build-inground-pool-in-tampa-2026.md,168,Cost to Install Pool Lighting in Tampa,/pooling/cost-to-install-pool-lighting-tampa-2026/,STRIP,,/pool/cost-to-resurface-pool-in-tampa-2026/,0.50,0.76,0.50,fake section /pooling/
pool/cost-to-build-pool-enclosure-in-tampa-2026.md,171,Cost to Build In-Ground Pool in Tampa 2026,/pool/cost-to-build-in-ground-pool-tampa-2026/,STRIP,,/pool/cost-to-build-inground-pool-in-tampa-2026/,0.33,0.95,0.33,weak match (topic=0.33 slug=0.95 anchor=0.33); no confident remap
pool/cost-to-build-pool-enclosure-in-tampa-2026.md,172,Cost to Install Salt Water System in Tampa 2026,/pool/cost-to-install-salt-water-system-tampa-2026/,STRIP,,/plumbing/cost-to-install-water-softener-in-miami-2026/,0.25,0.75,0.25,weak match (topic=0.25 slug=0.75 anchor=0.25); no confident remap
pool/cost-to-build-pool-enclosure-in-tampa-2026.md,173,Cost to Repair Pool Equipment Tampa 2026,/pool/cost-to-repair-pool-equipment-tampa-2026/,STRIP,,/pool/cost-to-resurface-pool-in-tampa-2026/,0.50,0.79,0.50,weak match (topic=0.50 slug=0.79 anchor=0.50); no confident remap
pool/cost-to-install-pool-cage-naples-2026.md,212,Cost to Resurface a Pool in Naples 2026,/cost-to-resurface-pool-naples-2026,STRIP,/pool/cost-to-resurface-pool-in-tampa-2026/,/pool/cost-to-resurface-pool-in-tampa-2026/,1.00,0.89,1.00,BULK_STRIP from FLAG: topic+slug match but city mismatch: target=naples cand=tampa
pool/cost-to-install-pool-cage-naples-2026.md,213,Impact of Hurricane Shutters on Home Insurance,/cost-hurricane-shutters-florida,STRIP,,/hurricane-protection/cost-to-install-hurricane-shutters-in-florida-2026/,1.00,0.77,0.40,weak match (topic=1.00 slug=0.77 anchor=0.40); no confident remap
pool/cost-to-install-pool-cage-naples-2026.md,214,Landscaping Costs in Southwest Florida,/cost-landscaping-naples-florida,STRIP,,,0.00,0.00,0.00,no topic overlap with any whitelist candidate
pool/cost-to-install-pool-cage-naples-2026.md,215,Pool Equipment Replacement Guide,/pool-equipment-replacement-florida,STRIP,,/pool/cost-to-resurface-pool-in-florida-2026/,0.33,0.42,0.25,weak match (topic=0.33 slug=0.42 anchor=0.25); no confident remap
pool/cost-to-install-pool-heater-in-florida-2026.md,171,Cost to Install a Pool Pump in Florida 2026,/pool/cost-to-install-pump-florida-2026/,STRIP,,/plumbing/cost-to-install-sump-pump-in-florida-2026/,0.50,0.89,0.33,weak match (topic=0.50 slug=0.89 anchor=0.33); no confident remap
pool/cost-to-install-pool-heater-in-florida-2026.md,172,Cost to Resurface a Pool in Florida 2026,/pool/cost-to-resurface-pool-florida-2026/,REWRITE,/pool/cost-to-resurface-pool-in-florida-2026/,/pool/cost-to-resurface-pool-in-florida-2026/,1.00,0.96,1.00,topic=1.00 slug=0.96 anchor=1.00
pool/cost-to-install-pool-heater-in-florida-2026.md,173,Cost to Install a Pool Enclosure in Florida 2026,/pool/cost-to-install-enclosure-florida-2026/,STRIP,,/pool/cost-to-build-pool-enclosure-in-florida-2026/,0.50,0.83,1.00,weak match (topic=0.50 slug=0.83 anchor=1.00); no confident remap
pool/cost-to-install-pool-heater-in-fort-lauderdale-2026.md,163,Cost to Install Pool Fencing in Fort Lauderdale,/pool/cost-to-install-pool-fencing-fort-lauderdale-2026/,STRIP,,/pool/cost-to-resurface-pool-in-fort-lauderdale-2026/,0.50,0.82,0.50,weak match (topic=0.50 slug=0.82 anchor=0.50); no confident remap
pool/cost-to-install-pool-heater-in-fort-lauderdale-2026.md,164,Cost to Clean and Maintain Pool Florida,/pool/cost-to-clean-and-maintain-pool-florida-2026/,STRIP,,/pool/cost-to-resurface-pool-in-florida-2026/,0.50,0.68,0.50,weak match (topic=0.50 slug=0.68 anchor=0.50); no confident remap
pool/cost-to-install-pool-heater-in-fort-lauderdale-2026.md,165,Cost to Install Pool Cover Fort Lauderdale,/pool/cost-to-install-pool-cover-fort-lauderdale-2026/,STRIP,,/pool/cost-to-resurface-pool-in-fort-lauderdale-2026/,0.50,0.80,0.50,weak match (topic=0.50 slug=0.80 anchor=0.50); no confident remap
pool/cost-to-install-pool-heater-in-miami-2026.md,163,Cost to Install a Pool Pump in Miami 2026,/pool/cost-to-install-pump-in-miami-2026/,STRIP,/plumbing/cost-to-install-sump-pump-in-miami-2026/,/plumbing/cost-to-install-sump-pump-in-miami-2026/,0.50,0.93,0.33,BULK_STRIP from FLAG: slug nearly-identical 0.93; anchor=0.33 (likely city/year/word mismatch — review)
pool/cost-to-install-pool-heater-in-miami-2026.md,165,Cost to Install a Pool Cover in Miami 2026,/pool/cost-to-install-pool-cover-in-miami-2026/,STRIP,,/pool/cost-to-resurface-pool-in-miami-2026/,0.50,0.76,0.50,weak match (topic=0.50 slug=0.76 anchor=0.50); no confident remap
pool/cost-to-replace-pool-pump-in-florida-2026.md,171,Cost to Replace Pool Filter in Florida 2026,/pool/cost-to-replace-pool-filter-florida-2026/,STRIP,,/pool/cost-to-resurface-pool-in-florida-2026/,0.50,0.85,0.50,weak match (topic=0.50 slug=0.85 anchor=0.50); no confident remap
pool/cost-to-replace-pool-pump-in-florida-2026.md,172,Cost to Install Pool Heater Florida,/pool/cost-to-install-pool-heater-florida-2026/,REWRITE,/pool/cost-to-install-pool-heater-in-florida-2026/,/pool/cost-to-install-pool-heater-in-florida-2026/,1.00,0.96,1.00,topic=1.00 slug=0.96 anchor=1.00
pool/cost-to-replace-pool-pump-in-florida-2026.md,173,Cost to Resurface Pool in Florida 2026,/pool/cost-to-resurface-pool-florida-2026/,REWRITE,/pool/cost-to-resurface-pool-in-florida-2026/,/pool/cost-to-resurface-pool-in-florida-2026/,1.00,0.96,1.00,topic=1.00 slug=0.96 anchor=1.00
pool/cost-to-replace-pool-pump-in-fort-lauderdale-2026.md,167,Cost to Install Salt Water Pool System in Fort Lauderdale 2026,/pool/cost-to-install-salt-water-pool-system-fort-lauderdale-2026/,STRIP,,/plumbing/cost-to-install-water-softener-in-fort-lauderdale-2026/,0.20,0.81,0.20,weak match (topic=0.20 slug=0.81 anchor=0.20); no confident remap
pool/cost-to-replace-pool-pump-in-fort-lauderdale-2026.md,169,Cost to Install Pool Heater in Fort Lauderdale 2026,/pool/cost-to-install-pool-heater-fort-lauderdale-2026/,REWRITE,/pool/cost-to-install-pool-heater-in-fort-lauderdale-2026/,/pool/cost-to-install-pool-heater-in-fort-lauderdale-2026/,1.00,0.97,1.00,topic=1.00 slug=0.97 anchor=1.00
pool/cost-to-replace-pool-pump-in-fort-lauderdale-2026.md,236,Cost to Install Salt Water Pool System in Fort Lauderdale 2026,/pool/cost-to-install-salt-water-pool-system-fort-lauderdale-2026/,STRIP,,/plumbing/cost-to-install-water-softener-in-fort-lauderdale-2026/,0.20,0.81,0.20,weak match (topic=0.20 slug=0.81 anchor=0.20); no confident remap
pool/cost-to-replace-pool-pump-in-fort-lauderdale-2026.md,238,Cost to Install Pool Heater in Fort Lauderdale 2026,/pool/cost-to-install-pool-heater-fort-lauderdale-2026/,REWRITE,/pool/cost-to-install-pool-heater-in-fort-lauderdale-2026/,/pool/cost-to-install-pool-heater-in-fort-lauderdale-2026/,1.00,0.97,1.00,topic=1.00 slug=0.97 anchor=1.00
pool/cost-to-replace-pool-pump-in-miami-2026.md,165,Cost to Install Pool Filter in Miami 2026,/pool/cost-to-install-pool-filter-miami-2026/,STRIP,,/pool/cost-to-resurface-pool-in-miami-2026/,0.50,0.76,0.50,weak match (topic=0.50 slug=0.76 anchor=0.50); no confident remap
pool/cost-to-replace-pool-pump-in-miami-2026.md,166,Cost to Install Pool Heater in Miami 2026,/pool/cost-to-install-pool-heater-miami-2026/,REWRITE,/pool/cost-to-install-pool-heater-in-miami-2026/,/pool/cost-to-install-pool-heater-in-miami-2026/,1.00,0.96,1.00,topic=1.00 slug=0.96 anchor=1.00
pool/cost-to-replace-pool-pump-in-miami-2026.md,167,Cost to Repair Pool Leak in Miami 2026,/pool/cost-to-repair-pool-leak-miami-2026/,STRIP,,/pool/cost-to-resurface-pool-in-miami-2026/,0.50,0.79,0.50,weak match (topic=0.50 slug=0.79 anchor=0.50); no confident remap
pool/cost-to-resurface-pool-deck-in-florida-2026.md,166,Cost to Install Inground Pool in Florida,/pooling/cost-to-install-inground-pool-in-florida-2026/,STRIP,,/pool/cost-to-build-inground-pool-in-florida-2026/,1.00,0.91,1.00,fake section /pooling/
pool/cost-to-resurface-pool-deck-in-florida-2026.md,167,Cost to Repair Pool Cage Florida,/pooling/cost-to-repair-pool-cage-florida-2026/,STRIP,,/pool/cost-to-install-pool-cage-naples-2026/,1.00,0.70,1.00,fake section /pooling/
pool/cost-to-resurface-pool-deck-in-florida-2026.md,168,Cost to Install Saltwater System Florida,/pooling/cost-to-install-saltwater-system-florida-2026/,STRIP,,/hvac/cost-to-replace-hvac-system-orlando-2026/,0.33,0.64,0.33,fake section /pooling/
pool/cost-to-resurface-pool-deck-in-fort-lauderdale-2026.md,171,Cost to Replace Pool Equipment in Fort Lauderdale,/pool/cost-to-replace-pool-equipment-fort-lauderdale-2026/,STRIP,,/pool/cost-to-resurface-pool-in-fort-lauderdale-2026/,0.50,0.87,0.50,weak match (topic=0.50 slug=0.87 anchor=0.50); no confident remap
pool/cost-to-resurface-pool-deck-in-tampa-2026.md,169,Cost to Rebuild a Pool in Tampa 2026,/pool/cost-to-rebuild-pool-in-tampa-2026/,REWRITE,/pool/cost-to-resurface-pool-in-tampa-2026/,/pool/cost-to-resurface-pool-in-tampa-2026/,1.00,0.86,1.00,topic=1.00 slug=0.86 anchor=1.00
pool/cost-to-resurface-pool-deck-in-tampa-2026.md,170,Cost to Install Impact Glass Pool Fencing 2026,/pool/cost-to-install-impact-glass-pool-fencing-2026/,STRIP,,/hurricane-protection/cost-to-install-impact-doors-in-florida-2026/,0.20,0.73,0.20,weak match (topic=0.20 slug=0.73 anchor=0.20); no confident remap
pool/cost-to-resurface-pool-deck-in-tampa-2026.md,171,Cost to Resurface Pool Deck in St. Petersburg 2026,/pool/cost-to-resurface-pool-deck-in-st-petersburg-2026/,STRIP,,/pool/cost-to-resurface-pool-deck-in-tampa-2026/,1.00,0.84,1.00,weak match (topic=1.00 slug=0.84 anchor=1.00); no confident remap
pool/cost-to-resurface-pool-in-florida-2026.md,169,Cost to Install Pool Safety Fences in Florida,/pool/cost-to-install-safety-fence-florida-2026/,STRIP,,/exterior/cost-to-install-fence-in-florida-2026/,0.50,0.87,0.00,weak match (topic=0.50 slug=0.87 anchor=0.00); no confident remap
pool/cost-to-resurface-pool-in-florida-2026.md,170,Cost to Convert Pool to Heat Pump in Florida,/pool/cost-to-convert-to-heat-pump-florida-2026/,STRIP,,/major-systems/cost-to-replace-well-pump-in-florida-2026/,0.33,0.73,0.25,weak match (topic=0.33 slug=0.73 anchor=0.25); no confident remap
pool/cost-to-resurface-pool-in-florida-2026.md,171,Cost to Drain a Pool in Florida,/pool/cost-to-drain-pool-florida-2026/,STRIP,,/pool/cost-to-resurface-pool-in-florida-2026/,0.50,0.81,0.50,weak match (topic=0.50 slug=0.81 anchor=0.50); no confident remap
pool/cost-to-resurface-pool-in-fort-lauderdale-2026.md,170,Cost to Install Pool Equipment in Florida,/pool/cost-to-install-pool-equipment-florida-2026/,STRIP,,/pool/cost-to-resurface-pool-in-florida-2026/,0.50,0.77,0.50,weak match (topic=0.50 slug=0.77 anchor=0.50); no confident remap
pool/cost-to-resurface-pool-in-fort-lauderdale-2026.md,171,Cost to Replace Pool Pump in Fort Lauderdale,/pool/cost-to-replace-pool-pump-fort-lauderdale-2026/,REWRITE,/pool/cost-to-replace-pool-pump-in-fort-lauderdale-2026/,/pool/cost-to-replace-pool-pump-in-fort-lauderdale-2026/,1.00,0.97,1.00,topic=1.00 slug=0.97 anchor=1.00
pool/cost-to-resurface-pool-in-miami-2026.md,171,Cost to Install Pool Heating in Miami,/pool/cost-to-install-pool-heating-miami-2026/,STRIP,,/pool/cost-to-resurface-pool-in-miami-2026/,0.50,0.77,0.50,weak match (topic=0.50 slug=0.77 anchor=0.50); no confident remap
pool/cost-to-resurface-pool-in-miami-2026.md,172,Cost to Install Pool Fence in Miami,/pool/cost-to-install-pool-fence-miami-2026/,STRIP,,/exterior/cost-to-install-fence-in-miami-2026/,0.50,0.89,0.50,weak match (topic=0.50 slug=0.89 anchor=0.50); no confident remap
pool/cost-to-resurface-pool-in-sarasota-2026.md,169,Cost to Repair Pool Coping in Sarasota 2026,/pool/cost-to-repair-pool-coping-sarasota-2026/,STRIP,,/pool/cost-to-resurface-pool-in-sarasota-2026/,0.50,0.84,0.50,weak match (topic=0.50 slug=0.84 anchor=0.50); no confident remap
pool/cost-to-resurface-pool-in-sarasota-2026.md,170,Cost to Install Salt Water System Sarasota 2026,/pool/cost-to-install-salt-water-system-sarasota-2026/,STRIP,,/plumbing/cost-to-install-water-softener-in-florida-2026/,0.25,0.71,0.25,weak match (topic=0.25 slug=0.71 anchor=0.25); no confident remap
pool/cost-to-resurface-pool-in-sarasota-2026.md,171,Cost to Replace Pool Equipment in Florida,/pool/cost-to-replace-pool-equipment-florida-2026/,STRIP,,/pool/cost-to-resurface-pool-in-florida-2026/,0.50,0.84,0.50,weak match (topic=0.50 slug=0.84 anchor=0.50); no confident remap
pool/cost-to-resurface-pool-in-tampa-2026.md,167,Cost to Install Salt Water System in Tampa 2026,/pool/cost-to-install-salt-water-system-tampa-2026/,STRIP,,/plumbing/cost-to-install-water-softener-in-miami-2026/,0.25,0.75,0.25,weak match (topic=0.25 slug=0.75 anchor=0.25); no confident remap
pool/cost-to-resurface-pool-in-tampa-2026.md,168,Cost to Install Pool Heater Florida,/pool/cost-to-install-pool-heater-florida-2026/,REWRITE,/pool/cost-to-install-pool-heater-in-florida-2026/,/pool/cost-to-install-pool-heater-in-florida-2026/,1.00,0.96,1.00,topic=1.00 slug=0.96 anchor=1.00
pool/cost-to-resurface-pool-in-tampa-2026.md,169,Cost to Resurface Pool in Orlando,/pool/cost-to-resurface-pool-orlando-2026/,STRIP,,/pool/cost-to-resurface-pool-in-florida-2026/,1.00,0.85,1.00,weak match (topic=1.00 slug=0.85 anchor=1.00); no confident remap
roofing/cost-of-roof-coating-in-florida-2026.md,168,Cost to Install Impact Windows in Florida,/hurricane-protection/cost-to-install-impact-windows-florida-2026/,REWRITE,/hurricane-protection/cost-to-install-impact-windows-in-florida-2026/,/hurricane-protection/cost-to-install-impact-windows-in-florida-2026/,1.00,0.97,1.00,topic=1.00 slug=0.97 anchor=1.00
roofing/cost-of-roof-coating-in-florida-2026.md,169,Cost to Replace Roof in Miami,/roofing/cost-to-replace-roof-miami-2026/,REWRITE,/general/cost-to-replace-roof-in-miami-2026/,/general/cost-to-replace-roof-in-miami-2026/,1.00,0.95,1.00,topic=1.00 slug=0.95 anchor=1.00
roofing/cost-of-roof-coating-in-fort-lauderdale-2026.md,170,Cost to Install Hurricane Shutters Florida,/hurricane-protection/cost-to-install-hurricane-shutters-florida-2026/,REWRITE,/hurricane-protection/cost-to-install-hurricane-shutters-in-florida-2026/,/hurricane-protection/cost-to-install-hurricane-shutters-in-florida-2026/,1.00,0.97,1.00,topic=1.00 slug=0.97 anchor=1.00
roofing/cost-of-roof-coating-in-fort-lauderdale-2026.md,171,Cost to Replace Roof in Miami,/roofing/cost-to-replace-roof-miami-2026/,REWRITE,/general/cost-to-replace-roof-in-miami-2026/,/general/cost-to-replace-roof-in-miami-2026/,1.00,0.95,1.00,topic=1.00 slug=0.95 anchor=1.00
roofing/cost-of-roof-coating-in-tampa-2026.md,170,Cost to Install Hurricane Shutters Florida,/hurricane-protection/cost-to-install-hurricane-shutters-florida-2026/,REWRITE,/hurricane-protection/cost-to-install-hurricane-shutters-in-florida-2026/,/hurricane-protection/cost-to-install-hurricane-shutters-in-florida-2026/,1.00,0.97,1.00,topic=1.00 slug=0.97 anchor=1.00
roofing/cost-of-roof-coating-in-tampa-2026.md,171,Cost to Replace Roof in Miami,/roofing/cost-to-replace-roof-miami-2026/,REWRITE,/general/cost-to-replace-roof-in-miami-2026/,/general/cost-to-replace-roof-in-miami-2026/,1.00,0.95,1.00,topic=1.00 slug=0.95 anchor=1.00
roofing/cost-of-roof-inspection-in-fort-lauderdale-2026.md,170,Cost to Install Hurricane Shutters Florida,/hurricane-protection/cost-to-install-hurricane-shutters-florida-2026/,REWRITE,/hurricane-protection/cost-to-install-hurricane-shutters-in-florida-2026/,/hurricane-protection/cost-to-install-hurricane-shutters-in-florida-2026/,1.00,0.97,1.00,topic=1.00 slug=0.97 anchor=1.00
roofing/cost-of-roof-inspection-in-fort-lauderdale-2026.md,171,Cost to Replace Roof in Miami,/roofing/cost-to-replace-roof-miami-2026/,REWRITE,/general/cost-to-replace-roof-in-miami-2026/,/general/cost-to-replace-roof-in-miami-2026/,1.00,0.95,1.00,topic=1.00 slug=0.95 anchor=1.00
roofing/cost-of-roof-inspection-in-orlando-2026.md,169,Cost to Replace Roof in Orlando 2026,/roofing/cost-to-replace-roof-orlando-2026/,REWRITE,/general/cost-to-replace-roof-in-orlando-2026/,/general/cost-to-replace-roof-in-orlando-2026/,1.00,0.96,1.00,topic=1.00 slug=0.96 anchor=1.00
roofing/cost-of-roof-inspection-in-orlando-2026.md,170,Cost to Install Impact Windows in Orlando,/hurricane-protection/cost-to-install-impact-windows-orlando-2026/,STRIP,/hurricane-protection/cost-to-install-impact-windows-tampa-2026/,/hurricane-protection/cost-to-install-impact-windows-tampa-2026/,1.00,0.88,1.00,BULK_STRIP from FLAG: topic+slug match but city mismatch: target=orlando cand=tampa
roofing/cost-of-roof-inspection-in-orlando-2026.md,171,Cost to Repair Roof Leaks in Orlando,/roofing/cost-to-repair-roof-leaks-orlando-2026/,STRIP,,/general/cost-to-repair-roof-in-orlando-2026/,0.50,0.90,0.50,weak match (topic=0.50 slug=0.90 anchor=0.50); no confident remap
roofing/cost-of-roof-inspection-in-tampa-2026.md,172,Cost to Replace a Roof in Tampa 2026,/roofing/cost-to-replace-a-roof-in-tampa-2026/,REWRITE,/roofing/cost-to-replace-roof-in-tampa-2026/,/roofing/cost-to-replace-roof-in-tampa-2026/,1.00,0.97,1.00,topic=1.00 slug=0.97 anchor=1.00
roofing/cost-of-roof-inspection-in-tampa-2026.md,173,Cost to Repair Roof Damage in Tampa 2026,/roofing/cost-to-repair-roof-damage-in-tampa-2026/,STRIP,,/roofing/cost-to-repair-roof-in-tampa-2026/,0.50,0.90,0.50,weak match (topic=0.50 slug=0.90 anchor=0.50); no confident remap
roofing/cost-to-install-metal-roof-in-broward-county-2026.md,169,Cost to Install Impact Windows in Broward County,/hurricane-protection/cost-to-install-impact-windows-broward-county-2026/,REWRITE,/hurricane-protection/cost-to-install-impact-windows-in-broward-county-2026/,/hurricane-protection/cost-to-install-impact-windows-in-broward-county-2026/,1.00,0.97,1.00,topic=1.00 slug=0.97 anchor=1.00
roofing/cost-to-install-metal-roof-in-broward-county-2026.md,170,Cost to Replace Tile Roof in Broward County,/roofing/cost-to-replace-tile-roof-broward-county-2026/,STRIP,,/roofing/cost-to-replace-tile-roof-in-boca-raton-2026/,1.00,0.79,1.00,weak match (topic=1.00 slug=0.79 anchor=1.00); no confident remap
roofing/cost-to-install-metal-roof-in-broward-county-2026.md,171,Cost to Install Hurricane Shutters Florida,/hurricane-protection/cost-to-install-hurricane-shutters-florida-2026/,REWRITE,/hurricane-protection/cost-to-install-hurricane-shutters-in-florida-2026/,/hurricane-protection/cost-to-install-hurricane-shutters-in-florida-2026/,1.00,0.97,1.00,topic=1.00 slug=0.97 anchor=1.00
roofing/cost-to-install-metal-roof-in-miami-2026.md,170,Cost to Install Impact Windows in Miami,/hurricane-protection/cost-to-install-impact-windows-miami-2026/,STRIP,/hurricane-protection/cost-to-install-impact-windows-tampa-2026/,/hurricane-protection/cost-to-install-impact-windows-tampa-2026/,1.00,0.93,1.00,BULK_STRIP from FLAG: topic+slug match but city mismatch: target=miami cand=tampa
roofing/cost-to-install-metal-roof-in-miami-2026.md,171,Cost to Install Hurricane Shutters Florida,/hurricane-protection/cost-to-install-hurricane-shutters-florida-2026/,REWRITE,/hurricane-protection/cost-to-install-hurricane-shutters-in-florida-2026/,/hurricane-protection/cost-to-install-hurricane-shutters-in-florida-2026/,1.00,0.97,1.00,topic=1.00 slug=0.97 anchor=1.00
roofing/cost-to-install-metal-roof-in-miami-2026.md,172,Cost to Replace Tile Roof in Miami,/roofing/cost-to-replace-tile-roof-miami-2026/,REWRITE,/roofing/cost-to-replace-tile-roof-in-miami-2026/,/roofing/cost-to-replace-tile-roof-in-miami-2026/,1.00,0.96,1.00,topic=1.00 slug=0.96 anchor=1.00
roofing/cost-to-install-metal-roof-in-palm-beach-2026.md,169,Cost to Install Impact Windows in Palm Beach,/hurricane-protection/cost-to-install-impact-windows-palm-beach-2026/,REWRITE,/hurricane-protection/cost-to-install-impact-windows-in-palm-beach-2026/,/hurricane-protection/cost-to-install-impact-windows-in-palm-beach-2026/,1.00,0.97,1.00,topic=1.00 slug=0.97 anchor=1.00
roofing/cost-to-install-metal-roof-in-palm-beach-2026.md,170,Cost to Install Hurricane Shutters Florida,/hurricane-protection/cost-to-install-hurricane-shutters-florida-2026/,REWRITE,/hurricane-protection/cost-to-install-hurricane-shutters-in-florida-2026/,/hurricane-protection/cost-to-install-hurricane-shutters-in-florida-2026/,1.00,0.97,1.00,topic=1.00 slug=0.97 anchor=1.00
roofing/cost-to-install-metal-roof-in-palm-beach-2026.md,171,Cost to Replace Roof in West Palm Beach,/roofing/cost-to-replace-roof-west-palm-beach-2026/,STRIP,,/roofing/cost-to-replace-roof-in-tamarac-2026/,0.50,0.81,0.50,weak match (topic=0.50 slug=0.81 anchor=0.50); no confident remap
roofing/cost-to-repair-roof-in-fort-lauderdale-2026.md,172,Cost to Install Hurricane Shutters Florida,/hurricane-protection/cost-to-install-hurricane-shutters-florida-2026/,REWRITE,/hurricane-protection/cost-to-install-hurricane-shutters-in-florida-2026/,/hurricane-protection/cost-to-install-hurricane-shutters-in-florida-2026/,1.00,0.97,1.00,topic=1.00 slug=0.97 anchor=1.00
roofing/cost-to-repair-roof-in-miami-2026.md,172,Cost to Repair Flat Roof in Miami 2026,/roofing/cost-to-repair-flat-roof-in-miami-2026/,REWRITE,/roofing/cost-to-replace-flat-roof-in-miami-2026/,/roofing/cost-to-replace-flat-roof-in-miami-2026/,1.00,0.94,1.00,topic=1.00 slug=0.94 anchor=1.00
roofing/cost-to-repair-roof-in-miami-2026.md,173,Cost to Install Impact Windows in Miami,/hurricane-protection/cost-to-install-impact-windows-miami-2026/,STRIP,/hurricane-protection/cost-to-install-impact-windows-tampa-2026/,/hurricane-protection/cost-to-install-impact-windows-tampa-2026/,1.00,0.93,1.00,BULK_STRIP from FLAG: topic+slug match but city mismatch: target=miami cand=tampa
roofing/cost-to-repair-roof-in-orlando-2026.md,169,Cost to Replace Roof in Orlando 2026,/roofing/cost-to-replace-roof-orlando-2026/,REWRITE,/general/cost-to-replace-roof-in-orlando-2026/,/general/cost-to-replace-roof-in-orlando-2026/,1.00,0.96,1.00,topic=1.00 slug=0.96 anchor=1.00
roofing/cost-to-repair-roof-in-orlando-2026.md,170,Cost to Install Impact Windows in Orlando 2026,/hurricane-protection/cost-to-install-impact-windows-orlando-2026/,STRIP,/hurricane-protection/cost-to-install-impact-windows-tampa-2026/,/hurricane-protection/cost-to-install-impact-windows-tampa-2026/,1.00,0.88,1.00,BULK_STRIP from FLAG: topic+slug match but city mismatch: target=orlando cand=tampa
roofing/cost-to-repair-roof-in-orlando-2026.md,171,Cost to Repair Flat Roof in Orlando 2026,/roofing/cost-to-repair-flat-roof-orlando-2026/,STRIP,,/roofing/cost-to-replace-flat-roof-in-florida-2026/,1.00,0.79,1.00,weak match (topic=1.00 slug=0.79 anchor=1.00); no confident remap
roofing/cost-to-replace-roof-in-coconut-creek-2026.md,170,Cost to Install Hurricane Shutters Florida,/hurricane-protection/cost-to-install-hurricane-shutters-florida-2026/,REWRITE,/hurricane-protection/cost-to-install-hurricane-shutters-in-florida-2026/,/hurricane-protection/cost-to-install-hurricane-shutters-in-florida-2026/,1.00,0.97,1.00,topic=1.00 slug=0.97 anchor=1.00
roofing/cost-to-replace-roof-in-coconut-creek-2026.md,171,Cost to Replace Roof in Miami,/roofing/cost-to-replace-roof-miami-2026/,REWRITE,/general/cost-to-replace-roof-in-miami-2026/,/general/cost-to-replace-roof-in-miami-2026/,1.00,0.95,1.00,topic=1.00 slug=0.95 anchor=1.00
roofing/cost-to-replace-roof-in-cooper-city-2026.md,169,Cost to Install Impact Windows in Cooper City,/hurricane-protection/cost-to-install-impact-windows-cooper-city-2026/,STRIP,,/hurricane-protection/cost-to-install-impact-windows-tampa-2026/,1.00,0.84,1.00,weak match (topic=1.00 slug=0.84 anchor=1.00); no confident remap
roofing/cost-to-replace-roof-in-cooper-city-2026.md,170,Cost to Replace Roof in Fort Lauderdale 2026,/roofing/cost-to-replace-roof-fort-lauderdale-2026/,REWRITE,/general/cost-to-replace-roof-fort-lauderdale-2026/,/general/cost-to-replace-roof-fort-lauderdale-2026/,1.00,1.00,1.00,topic=1.00 slug=1.00 anchor=1.00
roofing/cost-to-replace-roof-in-cooper-city-2026.md,171,Cost to Install Hurricane Shutters Florida,/hurricane-protection/cost-to-install-hurricane-shutters-florida-2026/,REWRITE,/hurricane-protection/cost-to-install-hurricane-shutters-in-florida-2026/,/hurricane-protection/cost-to-install-hurricane-shutters-in-florida-2026/,1.00,0.97,1.00,topic=1.00 slug=0.97 anchor=1.00
roofing/cost-to-replace-roof-in-coral-gables-2026.md,169,Cost to Install Impact Windows in Coral Gables,/hurricane-protection/cost-to-install-impact-windows-coral-gables-2026/,REWRITE,/hurricane-protection/cost-to-install-impact-windows-in-coral-gables-2026/,/hurricane-protection/cost-to-install-impact-windows-in-coral-gables-2026/,1.00,0.97,1.00,topic=1.00 slug=0.97 anchor=1.00
roofing/cost-to-replace-roof-in-coral-gables-2026.md,170,Cost to Install Hurricane Shutters Florida,/hurricane-protection/cost-to-install-hurricane-shutters-florida-2026/,REWRITE,/hurricane-protection/cost-to-install-hurricane-shutters-in-florida-2026/,/hurricane-protection/cost-to-install-hurricane-shutters-in-florida-2026/,1.00,0.97,1.00,topic=1.00 slug=0.97 anchor=1.00
roofing/cost-to-replace-roof-in-coral-gables-2026.md,171,Cost to Replace Roof in Miami,/roofing/cost-to-replace-roof-miami-2026/,REWRITE,/general/cost-to-replace-roof-in-miami-2026/,/general/cost-to-replace-roof-in-miami-2026/,1.00,0.95,1.00,topic=1.00 slug=0.95 anchor=1.00
roofing/cost-to-replace-roof-in-davie-2026.md,171,Cost to Install Hurricane Shutters Florida,/hurricane-protection/cost-to-install-hurricane-shutters-florida-2026/,REWRITE,/hurricane-protection/cost-to-install-hurricane-shutters-in-florida-2026/,/hurricane-protection/cost-to-install-hurricane-shutters-in-florida-2026/,1.00,0.97,1.00,topic=1.00 slug=0.97 anchor=1.00
roofing/cost-to-replace-roof-in-deerfield-beach-2026.md,169,Cost to Replace a Roof in Fort Lauderdale 2026,/roofing/cost-to-replace-roof-fort-lauderdale-2026/,REWRITE,/general/cost-to-replace-roof-fort-lauderdale-2026/,/general/cost-to-replace-roof-fort-lauderdale-2026/,1.00,1.00,1.00,topic=1.00 slug=1.00 anchor=1.00
roofing/cost-to-replace-roof-in-deerfield-beach-2026.md,170,Cost to Install Impact Windows in Deerfield Beach,/hurricane-protection/cost-to-install-impact-windows-deerfield-beach-2026/,REWRITE,/hurricane-protection/cost-to-install-impact-windows-in-deerfield-beach-2026/,/hurricane-protection/cost-to-install-impact-windows-in-deerfield-beach-2026/,1.00,0.97,1.00,topic=1.00 slug=0.97 anchor=1.00
roofing/cost-to-replace-roof-in-deerfield-beach-2026.md,171,Cost to Replace Roof in Miami,/roofing/cost-to-replace-roof-miami-2026/,REWRITE,/general/cost-to-replace-roof-in-miami-2026/,/general/cost-to-replace-roof-in-miami-2026/,1.00,0.95,1.00,topic=1.00 slug=0.95 anchor=1.00
roofing/cost-to-replace-roof-in-fort-lauderdale-2026.md,174,Cost to Install Hurricane Shutters Florida,/hurricane-protection/cost-to-install-hurricane-shutters-florida-2026/,REWRITE,/hurricane-protection/cost-to-install-hurricane-shutters-in-florida-2026/,/hurricane-protection/cost-to-install-hurricane-shutters-in-florida-2026/,1.00,0.97,1.00,topic=1.00 slug=0.97 anchor=1.00
roofing/cost-to-replace-roof-in-homestead-2026.md,169,Cost to Install Impact Windows in Homestead,/hurricane-protection/cost-to-install-impact-windows-homestead-2026/,REWRITE,/hurricane-protection/cost-to-install-impact-windows-in-homestead-2026/,/hurricane-protection/cost-to-install-impact-windows-in-homestead-2026/,1.00,0.97,1.00,topic=1.00 slug=0.97 anchor=1.00
roofing/cost-to-replace-roof-in-homestead-2026.md,170,Cost to Install Hurricane Shutters Florida,/hurricane-protection/cost-to-install-hurricane-shutters-florida-2026/,REWRITE,/hurricane-protection/cost-to-install-hurricane-shutters-in-florida-2026/,/hurricane-protection/cost-to-install-hurricane-shutters-in-florida-2026/,1.00,0.97,1.00,topic=1.00 slug=0.97 anchor=1.00
roofing/cost-to-replace-roof-in-homestead-2026.md,171,Cost to Replace Roof in Miami,/roofing/cost-to-replace-roof-miami-2026/,REWRITE,/general/cost-to-replace-roof-in-miami-2026/,/general/cost-to-replace-roof-in-miami-2026/,1.00,0.95,1.00,topic=1.00 slug=0.95 anchor=1.00
roofing/cost-to-replace-roof-in-key-west-2026.md,177,Cost to Install Impact Windows in Key West,/hurricane-protection/cost-to-install-impact-windows-key-west-2026/,STRIP,/hurricane-protection/cost-to-install-impact-windows-in-weston-2026/,/hurricane-protection/cost-to-install-impact-windows-in-weston-2026/,1.00,0.92,1.00,BULK_STRIP from FLAG: topic+slug match but city mismatch: target=key-west cand=weston
roofing/cost-to-replace-roof-in-key-west-2026.md,178,Cost to Install Hurricane Shutters Florida,/hurricane-protection/cost-to-install-hurricane-shutters-florida-2026/,REWRITE,/hurricane-protection/cost-to-install-hurricane-shutters-in-florida-2026/,/hurricane-protection/cost-to-install-hurricane-shutters-in-florida-2026/,1.00,0.97,1.00,topic=1.00 slug=0.97 anchor=1.00
roofing/cost-to-replace-roof-in-key-west-2026.md,179,Cost to Replace Roof in Miami,/roofing/cost-to-replace-roof-miami-2026/,REWRITE,/general/cost-to-replace-roof-in-miami-2026/,/general/cost-to-replace-roof-in-miami-2026/,1.00,0.95,1.00,topic=1.00 slug=0.95 anchor=1.00
roofing/cost-to-replace-roof-in-margate-2026.md,172,Cost to Replace Roof in Pompano Beach,/roofing/cost-to-replace-roof-in-pompano-beach-2026/,STRIP,,/general/cost-to-replace-roof-in-orlando-2026/,0.33,0.85,0.33,weak match (topic=0.33 slug=0.85 anchor=0.33); no confident remap
roofing/cost-to-replace-roof-in-margate-2026.md,173,Cost to Install Impact Windows in Margate,/hurricane-protection/cost-to-install-impact-windows-margate-2026/,STRIP,/hurricane-protection/cost-to-install-impact-windows-tampa-2026/,/hurricane-protection/cost-to-install-impact-windows-tampa-2026/,1.00,0.90,1.00,BULK_STRIP from FLAG: topic+slug match but city mismatch: target=margate cand=tampa
roofing/cost-to-replace-roof-in-miami-2026.md,169,Cost to Install Impact Windows in Miami,/hurricane-protection/cost-to-install-impact-windows-miami-2026/,STRIP,/hurricane-protection/cost-to-install-impact-windows-tampa-2026/,/hurricane-protection/cost-to-install-impact-windows-tampa-2026/,1.00,0.93,1.00,BULK_STRIP from FLAG: topic+slug match but city mismatch: target=miami cand=tampa
roofing/cost-to-replace-roof-in-miami-2026.md,170,Cost to Install Hurricane Shutters Miami,/hurricane-protection/cost-to-install-hurricane-shutters-miami-2026/,REWRITE,/hurricane-protection/cost-to-install-hurricane-shutters-in-miami-2026/,/hurricane-protection/cost-to-install-hurricane-shutters-in-miami-2026/,1.00,0.97,1.00,topic=1.00 slug=0.97 anchor=1.00
roofing/cost-to-replace-roof-in-miami-2026.md,171,Cost to Repair Flat Roof in Miami 2026,/roofing/cost-to-repair-flat-roof-miami-2026/,REWRITE,/roofing/cost-to-replace-flat-roof-in-miami-2026/,/roofing/cost-to-replace-flat-roof-in-miami-2026/,1.00,0.89,1.00,topic=1.00 slug=0.89 anchor=1.00
roofing/cost-to-replace-roof-in-orlando-2026.md,169,Cost to Install Impact Windows in Orlando,/hurricane-protection/cost-to-install-impact-windows-orlando-2026/,STRIP,/hurricane-protection/cost-to-install-impact-windows-tampa-2026/,/hurricane-protection/cost-to-install-impact-windows-tampa-2026/,1.00,0.88,1.00,BULK_STRIP from FLAG: topic+slug match but city mismatch: target=orlando cand=tampa
roofing/cost-to-replace-roof-in-orlando-2026.md,170,Cost to Install Hurricane Shutters Orlando,/hurricane-protection/cost-to-install-hurricane-shutters-orlando-2026/,REWRITE,/hurricane-protection/cost-to-install-hurricane-shutters-in-orlando-2026/,/hurricane-protection/cost-to-install-hurricane-shutters-in-orlando-2026/,1.00,0.97,1.00,topic=1.00 slug=0.97 anchor=1.00
roofing/cost-to-replace-roof-in-orlando-2026.md,171,Cost to Replace Roof in Tampa,/roofing/cost-to-replace-roof-tampa-2026/,REWRITE,/roofing/cost-to-replace-roof-in-tampa-2026/,/roofing/cost-to-replace-roof-in-tampa-2026/,1.00,0.95,1.00,topic=1.00 slug=0.95 anchor=1.00
roofing/cost-to-replace-roof-in-parkland-2026.md,171,Cost to Install Impact Windows in Broward County 2026,/hurricane-protection/cost-to-install-impact-windows-broward-2026/,STRIP,/hurricane-protection/cost-to-install-impact-windows-in-broward-county-2026/,/hurricane-protection/cost-to-install-impact-windows-in-broward-county-2026/,1.00,0.90,1.00,BULK_STRIP from FLAG: topic+slug match but city mismatch: target=broward cand=broward-county
roofing/cost-to-replace-roof-in-parkland-2026.md,172,Cost to Install Hurricane Shutters Florida,/hurricane-protection/cost-to-install-hurricane-shutters-florida-2026/,REWRITE,/hurricane-protection/cost-to-install-hurricane-shutters-in-florida-2026/,/hurricane-protection/cost-to-install-hurricane-shutters-in-florida-2026/,1.00,0.97,1.00,topic=1.00 slug=0.97 anchor=1.00
roofing/cost-to-replace-roof-in-parkland-2026.md,173,Cost to Replace Roof in Fort Lauderdale 2026,/roofing/cost-to-replace-roof-fort-lauderdale-2026/,REWRITE,/general/cost-to-replace-roof-fort-lauderdale-2026/,/general/cost-to-replace-roof-fort-lauderdale-2026/,1.00,1.00,1.00,topic=1.00 slug=1.00 anchor=1.00
roofing/cost-to-replace-roof-in-plantation-2026.md,170,Cost to Install Hurricane Shutters Florida,/hurricane-protection/cost-to-install-hurricane-shutters-florida-2026/,REWRITE,/hurricane-protection/cost-to-install-hurricane-shutters-in-florida-2026/,/hurricane-protection/cost-to-install-hurricane-shutters-in-florida-2026/,1.00,0.97,1.00,topic=1.00 slug=0.97 anchor=1.00
roofing/cost-to-replace-roof-in-st.-petersburg-2026.md,170,Cost to Install Impact Windows in St. Petersburg 2026,/hurricane-protection/cost-to-install-impact-windows-in-st-petersburg-2026/,STRIP,/hurricane-protection/cost-to-install-impact-windows-in-tampa-2026/,/hurricane-protection/cost-to-install-impact-windows-in-tampa-2026/,1.00,0.85,1.00,BULK_STRIP from FLAG: topic+slug match but city mismatch: target=st-petersburg cand=tampa
roofing/cost-to-replace-roof-in-st.-petersburg-2026.md,171,Cost to Install Hurricane Shutters Florida,/hurricane-protection/cost-to-install-hurricane-shutters-florida-2026/,REWRITE,/hurricane-protection/cost-to-install-hurricane-shutters-in-florida-2026/,/hurricane-protection/cost-to-install-hurricane-shutters-in-florida-2026/,1.00,0.97,1.00,topic=1.00 slug=0.97 anchor=1.00
roofing/cost-to-replace-roof-in-sunrise-2026.md,169,Cost to Install Impact Windows in Sunrise 2026,/hurricane-protection/cost-to-install-impact-windows-sunrise-2026/,STRIP,/hurricane-protection/cost-to-install-impact-windows-in-davie-2026/,/hurricane-protection/cost-to-install-impact-windows-in-davie-2026/,1.00,0.90,1.00,BULK_STRIP from FLAG: topic+slug match but city mismatch: target=sunrise cand=davie
roofing/cost-to-replace-roof-in-sunrise-2026.md,170,Cost to Install Hurricane Shutters Broward,/hurricane-protection/cost-to-install-hurricane-shutters-broward-2026/,STRIP,/hurricane-protection/cost-to-install-hurricane-shutters-in-florida-2026/,/hurricane-protection/cost-to-install-hurricane-shutters-in-florida-2026/,1.00,0.87,1.00,BULK_STRIP from FLAG: topic+slug match but city mismatch: target=broward cand=florida
roofing/cost-to-replace-roof-in-sunrise-2026.md,171,Cost to Replace Roof in Fort Lauderdale,/roofing/cost-to-replace-roof-fort-lauderdale-2026/,REWRITE,/general/cost-to-replace-roof-fort-lauderdale-2026/,/general/cost-to-replace-roof-fort-lauderdale-2026/,1.00,1.00,1.00,topic=1.00 slug=1.00 anchor=1.00
roofing/cost-to-replace-roof-in-tamarac-2026.md,171,Cost to Install Impact Windows in Tamarac,/hurricane-protection/cost-to-install-impact-windows-tamarac-2026/,STRIP,/hurricane-protection/cost-to-install-impact-windows-tampa-2026/,/hurricane-protection/cost-to-install-impact-windows-tampa-2026/,1.00,0.95,1.00,BULK_STRIP from FLAG: topic+slug match but city mismatch: target=tamarac cand=tampa
roofing/cost-to-replace-roof-in-tamarac-2026.md,172,Cost to Replace Roof in Broward County,/roofing/cost-to-replace-roof-in-broward-county-2026/,STRIP,,/roofing/cost-to-replace-roof-in-cooper-city-2026/,1.00,0.82,1.00,weak match (topic=1.00 slug=0.82 anchor=1.00); no confident remap
roofing/cost-to-replace-roof-in-tamarac-2026.md,173,Cost to Repair Roof in Tamarac,/roofing/cost-to-repair-roof-in-tamarac-2026/,STRIP,/roofing/cost-to-repair-roof-in-tampa-2026/,/roofing/cost-to-repair-roof-in-tampa-2026/,1.00,0.94,1.00,BULK_STRIP from FLAG: topic+slug match but city mismatch: target=tamarac cand=tampa
roofing/cost-to-replace-roof-in-weston-2026.md,169,Cost to Install Impact Windows in Weston,/hurricane-protection/cost-to-install-impact-windows-weston-2026/,REWRITE,/hurricane-protection/cost-to-install-impact-windows-in-weston-2026/,/hurricane-protection/cost-to-install-impact-windows-in-weston-2026/,1.00,0.97,1.00,topic=1.00 slug=0.97 anchor=1.00
roofing/cost-to-replace-roof-in-weston-2026.md,170,Cost to Install Hurricane Shutters Florida,/hurricane-protection/cost-to-install-hurricane-shutters-florida-2026/,REWRITE,/hurricane-protection/cost-to-install-hurricane-shutters-in-florida-2026/,/hurricane-protection/cost-to-install-hurricane-shutters-in-florida-2026/,1.00,0.97,1.00,topic=1.00 slug=0.97 anchor=1.00
roofing/cost-to-replace-roof-in-weston-2026.md,171,Cost to Replace Roof in Fort Lauderdale,/roofing/cost-to-replace-roof-fort-lauderdale-2026/,REWRITE,/general/cost-to-replace-roof-fort-lauderdale-2026/,/general/cost-to-replace-roof-fort-lauderdale-2026/,1.00,1.00,1.00,topic=1.00 slug=1.00 anchor=1.00
roofing/cost-to-replace-tile-roof-in-miami-2026.md,169,Cost to Install Impact Windows in Miami,/hurricane-protection/cost-to-install-impact-windows-miami-2026/,STRIP,/hurricane-protection/cost-to-install-impact-windows-tampa-2026/,/hurricane-protection/cost-to-install-impact-windows-tampa-2026/,1.00,0.93,1.00,BULK_STRIP from FLAG: topic+slug match but city mismatch: target=miami cand=tampa
roofing/cost-to-replace-tile-roof-in-miami-2026.md,170,Cost to Install Hurricane Shutters Miami,/hurricane-protection/cost-to-install-hurricane-shutters-miami-2026/,REWRITE,/hurricane-protection/cost-to-install-hurricane-shutters-in-miami-2026/,/hurricane-protection/cost-to-install-hurricane-shutters-in-miami-2026/,1.00,0.97,1.00,topic=1.00 slug=0.97 anchor=1.00
